fabricant;modele;annee;prix_Eur;puissance_cumul_Ch;couple_cumul_Nm;tps_acc_0_100_Sec;vitesse_max_Km_h;position_moteur_1;puissance_moteur_1_Ch;type_moteur_1;couple_moteur_1_Nm;position_moteur_2;puissance_moteur_2_Ch;type_moteur_2;couple_moteur_2_Nm;position_moteur_3;puissance_moteur_3_Ch;type_moteur_3;couple_moteur_3_Nm;homologation_autonomie;capacite_nominale_brute_KWh;capacite_utile_nette_KWh;prise_charge_AC;prise_charge_DC;vitesse_charge_AC_KW;vitesse_charge_AC_option_KW;vitesse_charge_DC_KW;vitesse_charge_DC_option_KW;refroidissement;temps_charge_DC_0_80;temps_charge_AC_0_80_prise_dom_2_3kW;temps_charge_AC_0_80_prise_dom_renforcee_3kW;autonomie_electrique_mixte_Km;conso_electrique_KWh_100km;pompe_chaleur;motricite;rapports;longueur_M;empattement_M;hauteur_M;largeur_M;coffre_L;poids_Kg;coffre_avant_arriere_L;essieu_avant;essieu_arriere;base_chassis;plateforme;pneus;pneus_arriere
Citroen;C-Zero;2012;26900;67;196;15.9;130;Arrière;67;Aimant permanent (synchrone);196;;;;;;;;;WLTP;16;14.5;Type 2;Chademo;3.7;;50;;Air;34 min. à 50 kW;5h38;4h19;100;12.5 ;Non;Propulsion;1;3.475;2.55;1.608;1.475;166.0;1150.0;;Macpherson;Semi-rigide;Thermique;;145/65 R 15;175/55 R 15
Dacia;Spring Electric 45;2021;20800;45;125;19.1;125;Avant;45;Aimant permanent (synchrone);125;;;;;;;;;WLTP;27.4;26.8;Type 2;CCS Combo;6.6;;0;30;Air;56 min. à 30 kW;9h31;7h17;230;13.9 ;Non;Traction;1;3.734;2.423;1.516;1.579;270.0;1045.0;;Macpherson;Semi-rigide;Thermique;;165/70 R 14;
Dacia;Spring Electric 65;2023;22300;65;113;13.7;125;Avant;65;Aimant permanent (synchrone);113;;;;;;;;;WLTP;27.4;26.8;Type 2;CCS Combo;6.6;;0;30;Air;56 min. à 30 kW;9h31;7h17;220;14.5 ;Non;Traction;1;3.734;2.423;1.516;1.579;270.0;1050.0;;Macpherson;Semi-rigide;Thermique;;165/70 R 14;
Fiat;500e;2020;24500;95;220;9.5;135;Avant;95;Aimant permanent (synchrone);220;;;;;;;;;WLTP;23.8;21.3;Type 2;CCS Combo;11;;50;;Liquide;31 min. à 50 kW;8h27;6h29;190;13 ;Non;Traction;1;3.632;2.322;1.527;1.748;185.0;1255.0;;Macpherson;Semi-rigide;Thermique;;185/65 R 15;
Fiat;500e;2020;27500;118;220;9.0;150;Avant;118;Aimant permanent (synchrone);220;;;;;;;;;WLTP;42;37.3;Type 2;CCS Combo;11;;85;;Liquide;32 min. à 85 kW;14h47;11h20;321;14 ;Non;Traction;1;3.632;2.322;1.527;1.748;185.0;1365.0;;Macpherson;Semi-rigide;Thermique;;185/65 R 15;
Nissan;Leaf;2011;29240;109;254;11.5;144;Avant;109;A excitation (synchrone);254;;;;;;;;;NEDC;24;;Type 2;Chademo;6.6;;50;;Air;26 min. à 50 kW;8h27;6h29;199;15 ;Oui;Traction;1;4.445;2.7;1.55;1.77;370.0;1505.0;;Macpherson;Semi-rigide;Thermique;;205/55 R 16;
Peugeot;Ion;2012;26900;67;196;15.9;130;Arrière;67;Aimant permanent (synchrone);196;;;;;;;;;WLTP;16;14.5;Type 2;Chademo;3.7;;50;;Air;34 min. à 50 kW;5h38;4h19;100;12.5 ;Non;Propulsion;1;3.747;2.55;1.608;1.475;166.0;1150.0;;Macpherson;Semi-rigide;Thermique;;145/65 R 15;175/55 R 15
Renault;Twingo III Z.E R80;2020;21350;82;160;12.9;135;Arrière;82;A excitation (synchrone);160;;;;;;;;;WLTP;22;;Type 2;Non;22;;0;;Air;;;;190;16 ;Oui;Propulsion;1;3.615;2.492;1.541;1.646;240.0;1168.0;;Macpherson;De Dion;Thermique;;165/65 R 15;185/60 R 15
Renault;Zoe Q210;2012;22400;88;220;13.5;135;Avant;88;A excitation (synchrone);220;;;;;;;;;NEDC;22;;Type 2;Non;43;;0;;Air;;;;210;;Oui;Traction;1;4.084;2.588;1.562;1.73;338.0;1468.0;;Macpherson;Semi-rigide;Thermique;;185/65 R 15;
Renault;Zoe R75;2016;23700;77;210;15.5;135;Avant;77;A excitation (synchrone);210;;;;;;;;;NEDC;41;;Type 2;Non;22;;0;;Air;;;;400;;Oui;Traction;1;4.084;2.588;1.562;1.73;338.0;1480.0;;Macpherson;Semi-rigide;Thermique;;185/65 R 15;
Renault;Zoe Q90;2016;24200;88;220;13.2;135;Avant;88;A excitation (synchrone);220;;;;;;;;;WLTP;41;;Type 2;Non;43;;0;;Air;;;;300;;Oui;Traction;1;4.084;2.588;1.562;1.73;338.0;1480.0;;Macpherson;Semi-rigide;Thermique;;205/45 R 17;
Renault;Zoe R90;2016;23200;92;220;13.2;135;Avant;92;A excitation (synchrone);220;;;;;;;;;WLTP;41;;Type 2;Non;22;;0;;Air;;;;317;;Oui;Traction;1;4.084;2.588;1.562;1.73;338.0;1480.0;;Macpherson;Semi-rigide;Thermique;;205/45 R 17;
Renault;Zoe R110;2016;26800;108;225;11.4;135;Avant;108;A excitation (synchrone);225;;;;;;;;;WLTP;41;;Type 2;Non;22;;0;;Air;;;;300;;Oui;Traction;1;4.084;2.588;1.562;1.73;338.0;1500.0;;Macpherson;Semi-rigide;Thermique;;205/45 R 17;
Seat;Mii EV;2019;21920;83;212;12.3;130;Avant;83;Aimant permanent (synchrone);212;;;;;;;;;WLTP;32.3;;Type 2;CCS Combo;7.4;;50;;Air;35 min. à 50 kW;11h16;8h38;258;14.5 ;Non;Traction;1;3.557;2.42;1.478;1.645;251.0;1235.0;;Macpherson;Semi-rigide;Thermique;;165/65 R 15;
Smart;Fortwo EQ;2018;27350;82;160;11.5;130;Arrière;;Aimant permanent (synchrone);;;;;;;;;;WLTP;17.6;;Type 2;Non;3.7;22;0;;Air;;;;135;16.1 ;Non;Propulsion;0;2.7;1.87;1.56;1.66;260.0;1160.0;;Macpherson;De Dion;Thermique;;165/65 R 15;185/60 R 15
Volkswagen;E-Up!;2013;27860;82;210;12.4;130;Avant;82;Aimant permanent (synchrone);210;;;;;;;;;NEDC;18.7;;Type 2;CCS Combo;3.6;;50;;Air;21 min. à 50 kW;6h41;5h08;160;;Non;Traction;1;3.54;2.42;1.477;1.645;250.0;1214.0;;Macpherson;Semi-rigide;Thermique;;165/65 R 15;
Volkswagen;E-Up! 2.0;2019;23440;83;212;11.9;130;Avant;83;Aimant permanent (synchrone);212;;;;;;;;;WLTP;32.3;;Type 2;CCS Combo;7.4;;40;;Air;41 min. à 40 kW;11h16;8h38;258;14.5 ;Non;Traction;1;3.6;2.417;1.507;1.645;251.0;1235.0;;Macpherson;Semi-rigide;Thermique;;165/65 R 15;
Aiways;U5;2021;39300;204;310;7.8;160;Avant;204;Aimant permanent (synchrone);310;;;;;;;;;WLTP;63;;Type 2;CCS Combo;6.6;;90;;Liquide;38 min. à 90 kW;22h11;17h01;410;16.8 ;Non;Traction;1;4.68;2.8;1.7;1.865;472.0;1795.0;40/432;Macpherson;Multibras;Thermique;;235/50 R 19;
BMW;i3 60Ah;2013;35490;170;250;7.2;150;Arrière;170;Aimant permanent (synchrone);250;;;;;;;;;NEDC;22.2;18.8;Type 2;CCS Combo;7.4;;50;;Liquide;29 min. à 50 kW;7h45;5h56;190;;En option;Propulsion;1;3.999;2.57;1.578;1.775;260.0;1345.0;;Macpherson;Multibras;Electrique;;175/60 R19 (Ar);
BMW;i3 94Ah;2017;38736;170;250;7.3;150;Arrière;170;Aimant permanent (synchrone);250;;;;;;;;;WLTP;33;27.2;Type 2;CCS Combo;7.4;;50;;Liquide;42 min. à 50 kW;11h37;8h55;260;;En option;Propulsion;1;4.006;2.57;1.6;1.775;260.0;1345.0;;Macpherson;Multibras;Electrique;;175/60 R19 (Ar);
BMW;i3 120Ah;2019;39950;170;250;7.3;150;Arrière;170;Aimant permanent (synchrone);250;;;;;;;;;WLTP;42.2;37.9;Type 2;CCS Combo;7.4;;50;;Liquide;52 min. à 50 kW;14h47;11h20;305;15.4 ;Non;Propulsion;1;4.011;2.57;1.577;1.775;260.0;1345.0;;Macpherson;Multibras;Electrique;;175/60 R19 (Ar);
Citroen;E-Berlingo Standard;2021;35300;136;260;11.2;130;Avant;136;Aimant permanent (synchrone);260;;;;;;;;;WLTP;50;46;Type 2;CCS Combo;7.4;11;100;;Liquide;33 min. à 100 kW;17h37;13h30;280;;Oui;Traction;1;4.403;2.785;1.874;1.848;597.0;1738.0;;Macpherson;Semi-rigide;Thermique;E-CMP;205/60 R 16;
Citroen;E-Berlingo XL;2021;39150;136;260;11.2;130;Avant;136;Aimant permanent (synchrone);260;;;;;;;;;WLTP;50;46;Type 2;CCS Combo;7.4;11;100;;Liquide;33 min. à 100 kW;17h37;13h30;274;;Oui;Traction;1;4.753;2.975;1.874;1.848;850.0;1817.0;;Macpherson;Semi-rigide;Thermique;E-CMP;205/60 R 16;
Citroen;Ë-C4 Electric;2020;34800;136;260;9.4;150;Avant;136;Aimant permanent (synchrone);260;;;;;;;;;WLTP;50;46;Type 2;CCS Combo;7.4;11;100;;Liquide;33 min. à 100 kW;17h37;13h30;350;15.9 ;En option;Traction;1;4.36;2.67;1.525;1.8;380.0;1616.0;;Macpherson;Semi-rigide + Panhard;Thermique;;215/65 R 16;
DS;DS3 Crossback E-Tense;2020;39200;136;260;8.7;150;Avant;136;Aimant permanent (synchrone);260;;;;;;;;;WLTP;50;46;Type 2;CCS Combo;7.4;11;100;;Liquide;33 min. à 100 kW;17h37;13h30;320;;Oui;Traction;1;4.118;2.558;1.534;1.77;350.0;1600.0;;Macpherson;Semi-rigide + Panhard;Thermique;E-CMP;215/60 R 17;
Honda;Honda-e;2019;35000;136;315;9.0;145;Arrière;136;Aimant permanent (synchrone);315;;;;;;;;;WLTP;35.5;28.5;Type 2;CCS Combo;6.6;;50;;Liquide;40 min. à 50 kW;12h41;9h43;222;17.2 ;Non;Propulsion;1;3.894;2.538;1.512;1.752;171.0;1513.0;;Macpherson;Multibras;Electrique;;185/60 R 16;205/55 R 16
Honda;Honda-e Advance;2019;38000;154;315;8.3;145;Arrière;154;Aimant permanent (synchrone);315;;;;;;;;;WLTP;35.5;28.5;Type 2;CCS Combo;6.6;;50;;Liquide;40 min. à 50 kW;12h41;9h43;210;17.8 ;Non;Propulsion;1;3.894;2.538;1.512;1.752;171.0;1520.0;;Macpherson;Multibras;Electrique;;185/60 R 16;205/55 R 16
Hyundai;Ioniq;2016;35850;120;295;9.9;165;Avant;120;Aimant permanent (synchrone);295;;;;;;;;;NEDC;31;28;Type 2;CCS Combo;6.6;;70;;Air;29 min. à 70 kW;10h55;8h22;280;11.5 ;Oui;Traction;1;4.47;2.7;1.445;1.72;350.0;1495.0;;Macpherson;Multibras;Thermique;;205/55 R 16;
Hyundai;Ioniq;2020;34900;136;295;9.9;165;Avant;136;Aimant permanent (synchrone);295;;;;;;;;;WLTP;41;38.3;Type 2;CCS Combo;7.2;;44;;Liquide;58 min. à 44 kW;14h26;11h04;311;13.8 ;Oui;Traction;1;4.47;2.7;1.445;1.72;357.0;1602.0;;Macpherson;Multibras;Thermique;;205/55 R 16;
Hyundai;Kona;2018;39100;136;395;9.7;155;Avant;136;Aimant permanent (synchrone);395;;;;;;;;;WLTP;41;39.2;Type 2;CCS Combo;7.2;;50;;Liquide;51 min. à 50 kW;14h26;11h04;289;15 ;Oui;Traction;1;4.18;2.6;1.57;1.8;332.0;1610.0;;Macpherson;Multibras;Thermique;;215/55 R 17;
Hyundai;Kona;2021;35100;136;395;9.9;155;Avant;136;Aimant permanent (synchrone);395;;;;;;;;;WLTP;41;39.2;Type 2;CCS Combo;7.2;;50;;Liquide;51 min. à 50 kW;14h26;11h04;305;14.3 ;Oui;Traction;1;4.18;2.6;1.57;1.8;332.0;1610.0;;Macpherson;Multibras;Thermique;;215/55 R 17;
Hyundai;Kona;2021;39900;204;395;7.9;167;Avant;204;Aimant permanent (synchrone);395;;;;;;;;;WLTP;67;64;Type 2;CCS Combo;7.2;;77;;Liquide;54 min. à 77 kW;23h36;18h05;484;14.7 ;Oui;Traction;1;4.18;2.6;1.57;1.8;332.0;1760.0;;Macpherson;Multibras;Thermique;;215/55 R 17;
Kia;E-Niro;2018;37100;136;395;9.8;155;Avant;136;Aimant permanent (synchrone);395;;;;;;;;;WLTP;41;39.2;Type 2;CCS Combo;7.2;;50;;Liquide;51 min. à 50 kW;14h26;11h04;289;15.3 ;Oui;Traction;1;4.375;2.7;1.57;1.81;451.0;1687.0;;Macpherson;Multibras;Thermique;;215/55 R 17;
Kia;E-Soul;2019;37200;136;395;9.9;155;Avant;136;Aimant permanent (synchrone);395;;;;;;;;;WLTP;41;39.2;Type 2;CCS Combo;7.4;11;50;;Liquide;51 min. à 50 kW;14h26;11h04;277;14.5 ;Non;Traction;1;4.195;2.6;1.605;1.8;224.0;1593.0;;Macpherson;Multibras;Thermique;;215/55 R 17;
Kia;Soul EV;2014;35400;110;285;11.2;145;Avant;110;Aimant permanent (synchrone);285;;;;;;;;;NEDC;28;27;Type 2;Chademo;6.6;;80;;Air;30 min. à 80 kW;9h52;7h34;212;;Oui;Traction;1;4.14;2.57;1.593;1.8;281.0;1565.0;;Macpherson;Multibras;Thermique;;205/60 R 16;
Kia;Soul EV;2017;36900;110;285;11.3;145;Avant;110;Aimant permanent (synchrone);285;;;;;;;;;NEDC;32;30;Type 2;Chademo;6.6;;80;;Air;26 min. à 80 kW;11h16;8h38;250;;Oui;Traction;1;4.14;2.57;1.593;1.8;281.0;1575.0;;Macpherson;Multibras;Thermique;;205/60 R 16;
Mazda;MX-30 E-Skyactiv;2020;33900;145;271;9.7;140;Avant;145;Aimant permanent (synchrone);271;;;;;;;;;WLTP;35.5;;Type 2;CCS Combo;6.6;;50;;Liquide;39 min. à 50 kW;12h41;9h43;200;19 ;Oui;Traction;1;4.395;2.66;1.555;1.8;366.0;1720.0;;Macpherson;Semi-rigide;Thermique;;215/55 R 18;
MG;Marvel R Comfort/luxury;2022;39490;180;410;7.9;200;Arrière;71;Aimant permanent (synchrone);155;Arrière;109;Aimant permanent (synchrone);255;;;;;WLTP;70;66;Type 2;CCS Combo;11;;92;;Liquide;47 min. à 92 kW;24h39;18h54;402;19.41 ;En option;Propulsion;2;4.674;2.804;1.613;1.919;507.0;1885.0;150/357;Macpherson;Multibras;Electrique;;215/55 R 18;235/50 R 18
MG;MG5 Autonomie Standard;2022;32490;130;280;8.3;185;Avant;130;Aimant permanent (synchrone);280;;;;;;;;;WLTP;50.3;48;Type 2;CCS Combo;11;;70;;Liquide;56 min. à 70 kW;17h37;13h30;320;17.9 ;Non;Traction;1;4.6;2.659;1.543;1.811;479.0;1637.0;;Macpherson;Semi-rigide;Thermique;;205/60 R 16 ;
MG;MG5 Autonomie Etendue;2022;35490;115;280;8.3;185;Avant;115;Aimant permanent (synchrone);280;;;;;;;;;WLTP;61.1;59;Type 2;CCS Combo;11;;87;;Liquide;55 min. à 87 kW;21h29;16h28;400;17.5 ;Non;Traction;1;4.6;2.659;1.543;1.811;479.0;1637.0;;Macpherson;Semi-rigide;Thermique;;215/50 R 17 ;
MG;ZS Standard Range;2021;30990;177;280;8.6;175;Avant;177;Aimant permanent (synchrone);280;;;;;;;;;WLTP;51;;Type 2;CCS Combo;6.6;;90;;Liquide;31 min. à 90 kW;17h58;13h46;320;17.3 ;Non;Traction;1;4.323;2.581;1.649;1.809;488.0;1645.0;;Macpherson;Semi-rigide;Thermique;;215/55 R 17;
MG;ZS Long Range;2021;34990;156;280;8.6;175;Avant;156;Aimant permanent (synchrone);280;;;;;;;;;WLTP;72;;Type 2;CCS Combo;11;;90;;Liquide;41 min. à 90 kW;25h21;19h26;440;17.8 ;Non;Traction;1;4.323;2.581;1.649;1.809;488.0;1695.0;;Macpherson;Semi-rigide;Thermique;;215/55 R 17;
Mini;Mini E Electric;2019;37600;184;270;7.3;150;Avant;184;Aimant permanent (synchrone);270;;;;;;;;;WLTP;32.6;28.9;Type 2;CCS Combo;11;;50;;;42 min. à 50 kW;11h37;8h55;234;15.2 ;Oui;Traction;1;3.85;2.495;1.432;1.727;211.0;1440.0;;Macpherson;Multibras;Thermique;;195/55 R 16;
Nissan;Leaf;2013;31320;109;254;11.5;144;Avant;109;A excitation (synchrone);254;;;;;;;;;NEDC;30;;Type 2;Chademo;6.6;;50;;Air;33 min. à 50 kW;10h34;8h06;250;15 ;Oui;Traction;1;4.445;2.7;1.55;1.77;370.0;1525.0;;Macpherson;Semi-rigide;Thermique;;205/55 R 16;
Nissan;Leaf II;2017;35400;150;320;7.9;144;Avant;150;Aimant permanent (synchrone);320;;;;;;;;;WLTP;40;37.5;Type 2;Chademo;6.6;;50;;Air;50 min. à 50 kW;14h05;10h48;270;20.6 ;Oui;Traction;1;4.49;2.7;1.54;1.788;435.0;1580.0;;Macpherson;Semi-rigide;Thermique;;205/55 R 16;
Opel;Corsa-e Electric;2019;31600;136;260;8.1;150;Avant;136;Aimant permanent (synchrone);260;;;;;;;;;WLTP;50;46;Type 2;CCS Combo;7.4;11;100;;Liquide;33 min. à 100 kW;17h37;13h30;322;17 ;Oui;Traction;1;4.06;2.538;1.433;1.75;309.0;1530.0;;Macpherson;Semi-rigide + Panhard;Thermique;E-CMP;185/65 R 16;
Opel;Mokka-e Electric;2019;36900;136;260;9.1;150;Avant;136;Aimant permanent (synchrone);260;;;;;;;;;WLTP;50;46;Type 2;CCS Combo;7.4;11;100;;Liquide;33 min. à 100 kW;17h37;13h30;342;17.4 ;Oui;Traction;1;4.151;2.557;1.532;1.77;392.0;1598.0;;Macpherson;Semi-rigide + Panhard;Thermique;E-CMP;215/65 R 16;
Peugeot;e-2008 Electric;2019;37850;136;260;9.0;150;Avant;136;Aimant permanent (synchrone);260;;;;;;;;;WLTP;50;46;Type 2;CCS Combo;7.4;11;100;;Liquide;33 min. à 100 kW;17h37;13h30;320;17.2 ;Oui;Traction;1;4.3;2.605;1.55;1.77;405.0;1548.0;;Macpherson;Semi-rigide + Panhard;Thermique;E-CMP;215/65 R 16;
Peugeot;e-208 Electric;2019;32700;136;260;8.3;150;Avant;136;Aimant permanent (synchrone);260;;;;;;;;;WLTP;50;46;Type 2;CCS Combo;7.4;11;100;;Liquide;33 min. à 100 kW;17h37;13h30;340;16.4 ;Oui;Traction;1;4.055;2.54;1.43;1.745;309.0;1530.0;;Macpherson;Semi-rigide + Panhard;Thermique;E-CMP;195/55 R 16;
Peugeot;e-208 Electric;2023;34800;156;260;8.2;150;Avant;156;Aimant permanent (synchrone);260;;;;;;;;;WLTP;51;48.1;Type 2;CCS Combo;7.4;11;100;;Liquide;33 min. à 100 kW;17h58;13h46;398;;Oui;Traction;1;4.055;2.54;1.43;1.745;309.0;1530.0;;Macpherson;Semi-rigide + Panhard;Thermique;E-CMP;195/55 R 16;
Peugeot;E-Rifter Standard;2021;36400;136;260;11.2;130;Avant;136;Aimant permanent (synchrone);260;;;;;;;;;WLTP;50;46;Type 2;CCS Combo;7.4;11;100;;Liquide;33 min. à 100 kW;17h37;13h30;282;;Oui;Traction;1;4.403;2.785;1.874;1.848;597.0;1743.0;;Macpherson;Semi-rigide;Thermique;E-CMP;215/65 R 16;
Renault;Megane e-Tech EV40;2022;35200;130;250;10.0;150;Avant;130;A excitation (synchrone);250;;;;;;;;;WLTP;42;40;Type 2;CCS Combo;7.4;22;0;85;Liquide;41 min. à 85 kW;14h47;11h20;300;15.8 ;En option;Traction;1;4.2;2.685;1.505;1.768;440.0;1513.0;;Macpherson;Multibras;Thermique;CMF-EV ;195/60 R 18;
Renault;Zoe II R110;2019;32000;108;225;11.4;135;Avant;108;A excitation (synchrone);225;;;;;;;;;WLTP;52;;Type 2;CCS Combo;22;;0;50;Air;53 min. à 50 kW;18h19;14h02;395;17.2 ;Oui;Traction;1;4.087;2.588;1.562;1.787;338.0;1502.0;;Macpherson;Semi-rigide;Thermique;;185/65 R 15;
Renault;Zoe II R135;2019;34600;135;245;9.5;140;Avant;135;A excitation (synchrone);245;;;;;;;;;WLTP;52;;Type 2;CCS Combo;22;;0;50;Air;53 min. à 50 kW;18h19;14h02;386;17.7 ;Oui;Traction;1;4.087;2.588;1.562;1.787;338.0;1502.0;;Macpherson;Semi-rigide;Thermique;;195/55 R 16;
Skoda;Enyaq 50;2021;37930;150;310;11.3;160;Arrière;150;Aimant permanent (synchrone);310;;;;;;;;;WLTP;55;52;Type 2;CCS Combo;7.2;;110;;Liquide;33 min. à 110 kW;19h22;14h51;362;15.2 ;Non;Propulsion;1;4.649;2.765;1.616;1.879;585.0;1862.0;;Macpherson;Multibras;Electrique;MEB;235/60 R 18;
Volkswagen;E-Golf;2014;30490;115;270;10.4;140;Avant;115;Aimant permanent (synchrone);270;;;;;;;;;NEDC;24.2;;Type 2;CCS Combo;3.6;;40;;Air;33 min. à 40 kW;8h27;6h29;190;;En option;Traction;1;4.27;2.63;1.45;1.8;341.0;1510.0;;Macpherson;Multibras;Thermique;;205/55 R 16;
Volkswagen;E-Golf;2014;39400;136;290;9.6;150;Avant;136;Aimant permanent (synchrone);290;;;;;;;;;WLTP;32;;Type 2;CCS Combo;7.4;;40;;Air;41 min. à 40 kW;11h16;8h38;230;;En option;Traction;1;4.27;2.63;1.45;1.8;341.0;1540.0;;Macpherson;Multibras;Thermique;;205/55 R 16;
Volkswagen;ID3 Pure;2022;34300;150;310;8.9;160;Arrière;150;Aimant permanent (synchrone);310;;;;;;;;;WLTP;49;45;Type 2;CCS Combo;7.2;;50;110;Liquide;61 min. à 50 kW;17h15;13h14;350;14.9 ;En option;Propulsion;1;4.261;2.77;1.568;1.809;385.0;1706.0;;Macpherson;Multibras;Electrique;MEB;215/55 R 18;
Volkswagen;ID3 Pro;2020;39300;145;275;9.6;160;Arrière;145;Aimant permanent (synchrone);275;;;;;;;;;WLTP;62;58;Type 2;CCS Combo;11;;120;;Liquide;34 min. à 120 kW;21h50;16h44;417;15.5 ;En option;Propulsion;1;4.261;2.77;1.568;1.809;385.0;1812.0;;Macpherson;Multibras;Electrique;MEB;215/55 R 18;
Audi;Q4 E-Tron 35;2021;42800;170;310;9.0;160;Arrière;170;Aimant permanent (synchrone);310;;;;;;;;;WLTP;55;52;Type 2;CCS Combo;7.4;;110;;Liquide;33 min. à 110 kW;19h22;14h51;336;17.3 ;En option;Propulsion;1;4.588;2.764;1.632;1.865;535.0;1965.0;;Macpherson;Multibras;Electrique;MEB;235/55 R 19;255/50 R 19
Audi;Q4 E-Tron 40;2021;48700;204;310;8.5;160;Arrière;204;Aimant permanent (synchrone);310;;;;;;;;;WLTP;82;77;Type 2;CCS Combo;11;;125;;Liquide;41 min. à 125 kW / 42 min. à 120 kW;28h53;22h08;513;17.6 ;En option;Propulsion;1;4.588;2.764;1.632;1.865;535.0;1965.0;;Macpherson;Multibras;Electrique;MEB;235/55 R 19;255/50 R 19
Audi;Q4 E-Tron Sportback 35;2021;44800;170;310;9.0;160;Arrière;170;Aimant permanent (synchrone);310;;;;;;;;;WLTP;55;52;Type 2;CCS Combo;7.4;;110;;Liquide;33 min. à 110 kW;19h22;14h51;341;17 ;En option;Propulsion;1;4.588;2.764;1.614;1.865;535.0;1970.0;;Macpherson;Multibras;Electrique;MEB;235/55 R 19;255/50 R 19
BMW;i3 S 94Ah;2017;42336;184;270;6.9;160;Arrière;184;Aimant permanent (synchrone);270;;;;;;;;;WLTP;33;27.2;Type 2;CCS Combo;7.4;;50;;Liquide;42 min. à 50 kW;11h37;8h55;240;;En option;Propulsion;1;4.006;2.57;1.59;1.775;260.0;1365.0;;Macpherson;Multibras;Electrique;;195/50 R20 (Ar);
BMW;i3 S 120Ah;2019;42500;184;270;6.9;160;Arrière;184;Aimant permanent (synchrone);270;;;;;;;;;WLTP;42.2;37.9;Type 2;CCS Combo;7.4;;50;;Liquide;52 min. à 50 kW;14h47;11h20;283;16.2 ;En option;Propulsion;1;4.011;2.57;1.577;1.775;260.0;1365.0;;Macpherson;Multibras;Electrique;;195/50 R20 (Ar);
Cupra;Born V;2022;42700;204;310;7.3;160;Arrière;204;Aimant permanent (synchrone);310;;;;;;;;;WLTP;62;58;Type 2;CCS Combo;11;;120;;Liquide;34 min. à 120 kW;21h50;16h44;424;15.5 ;En option;Propulsion;1;4.322;2.766;1.54;1.809;385.0;1736.0;;Macpherson;Multibras;Electrique;MEB;215/55 R 18;
Cupra;Born VZ58;2022;43990;231;310;6.6;160;Arrière;231;Aimant permanent (synchrone);310;;;;;;;;;WLTP;62;58;Type 2;CCS Combo;11;;120;;Liquide;34 min. à 120 kW;21h50;16h44;417;16 ;En option;Propulsion;1;4.322;2.766;1.54;1.809;385.0;1749.0;;Macpherson;Multibras;Electrique;MEB;215/55 R 18;
Ford;Mustang Mach-e RWD Standard Range;2020;48990;269;430;6.9;180;Arrière;269;Aimant permanent (synchrone);430;;;;;;;;;WLTP;75.7;68;Type 2;CCS Combo;11;;115;;Liquide;33 min. à 115 kW;26h46;20h31;440;;En option;Propulsion;1;4.713;2.98;1.597;1.881;600.0;1969.0;81/519;Macpherson;Multibras;Electrique;;225/60 R 18;
Hyundai;Ioniq 5;2021;43600;170;350;8.5;185;Arrière;170;Aimant permanent (synchrone);350;;;;;;;;;WLTP;58;54;Type 2;CCS Combo;11;;175;;Liquide;35 min. à 175 kW / 37 min. à 120 kW;20h26;15h40;384;16.7 ;En option;Propulsion;1;4.635;3.0;1.647;1.89;584.0;1905.0;57/527;Macpherson;Multibras;Electrique;E-GMP;235/55 R 19;
Hyundai;Ioniq 5;2021;46800;218;350;7.4;185;Arrière;218;Aimant permanent (synchrone);350;;;;;;;;;WLTP;72.6;70;Type 2;CCS Combo;11;;233;;Liquide;33 min. à 233 kW / 39 min. à 120 kW;25h43;19h43;481;16.8 ;En option;Propulsion;1;4.635;3.0;1.647;1.89;584.0;1985.0;57/527;Macpherson;Multibras;Electrique;E-GMP;235/55 R 19;
Hyundai;Ioniq 5;2022;49700;229;350;7.3;185;Arrière;229;Aimant permanent (synchrone);350;;;;;;;;;WLTP;77.4;72.6;Type 2;CCS Combo;11;;233;;Liquide;25 min. à 233 kW / 34 min. à 120 kW;27h07;20h47;507;16.8 ;En option;Propulsion;1;4.635;3.0;1.647;1.89;584.0;2090.0;57/527;Macpherson;Multibras;Electrique;E-GMP;235/55 R 19;
Hyundai;Kona;2018;43900;204;395;7.6;167;Avant;204;Aimant permanent (synchrone);395;;;;;;;;;WLTP;67;64;Type 2;CCS Combo;7.2;;77;;Liquide;54 min. à 77 kW;23h36;18h05;449;15.4 ;Oui;Traction;1;4.18;2.6;1.57;1.8;332.0;1760.0;;Macpherson;Multibras;Thermique;;215/55 R 17;
Kia;E-Niro;2018;41100;204;395;7.8;167;Avant;204;Aimant permanent (synchrone);395;;;;;;;;;WLTP;67;64;Type 2;CCS Combo;7.2;11;77;;Liquide;54 min. à 77 kW;23h36;18h05;455;15.9 ;Oui;Traction;1;4.375;2.7;1.57;1.81;451.0;1802.0;;Macpherson;Multibras;Thermique;;215/55 R 17;
Kia;E-Soul;2019;41300;204;395;7.9;167;Avant;204;Aimant permanent (synchrone);395;;;;;;;;;WLTP;67;64;Type 2;CCS Combo;7.4;11;77;;Liquide;54 min. à 77 kW;23h36;18h05;452;15.7 ;Oui;Traction;1;4.195;2.6;1.605;1.8;224.0;1758.0;;Macpherson;Multibras;Thermique;;215/55 R 17;
Kia;EV6 RWD;2021;43990;170;350;8.5;185;Arrière;170;Aimant permanent (synchrone);350;;;;;;;;;WLTP;58;54;Type 2;CCS Combo;11;;175;;Liquide;35 min. à 175 kW / 37 min. à 120 kW;20h26;15h40;394;16.6 ;Non;Propulsion;1;4.68;2.9;1.55;1.88;542.0;1860.0;52/490;Macpherson;Multibras;Electrique;E-GMP;235/55 R 19;
Kia;EV6 RWD;2021;48690;229;350;7.5;185;Arrière;229;Aimant permanent (synchrone);350;;;;;;;;;WLTP;77.4;72.5;Type 2;CCS Combo;11;;233;;Liquide;25 min. à 233 kW / 34 min. à 120 kW;27h07;20h47;528;16.6 ;Non;Propulsion;1;4.68;2.9;1.55;1.88;542.0;1985.0;52/490;Macpherson;Multibras;Electrique;E-GMP;235/55 R 19;
Kia;Niro EV;2022;44490;204;255;7.8;167;Avant;204;Aimant permanent (synchrone);255;;;;;;;;;WLTP;68;64.8;Type 2;CCS Combo;11;;72;;Liquide;59 min. à 72 kW;23h57;18h22;463;16.2 ;En option;Traction;1;4.42;2.72;1.57;1.825;495.0;1757.0;20/475;Macpherson;Multibras;Thermique;;215/55 R 17;
Lexus;UX 300e;2020;49990;204;300;7.5;160;Avant;204;Aimant permanent (synchrone);300;;;;;;;;;WLTP;54.3;;Type 2;CCS Combo;6.6;;50;;Air;55 min. à 50 kW;19h01;14h35;313;16.9 ;Non;Traction;1;4.495;2.64;1.545;1.84;367.0;1785.0;;Macpherson;Multibras;Thermique;E-TNGA;215/60 R 17;
Mercedes;EQA 250;2021;49900;190;375;8.9;160;Avant;;A induction (asynchrone);;;;;;;;;;WLTP;79.8;66.5;Type 2;CCS Combo;11;;100;;Liquide;40 min. à 100 kW;28h10;21h36;426;17.7 ;Oui;Traction;1;4.463;2.729;1.62;1.834;340.0;2040.0;;Macpherson;Multibras;Thermique;MRA;235/55 R 18;
Nissan;Ariya Traction;2021;46400;218;300;7.5;160;Avant;218;A excitation (synchrone);300;;;;;;;;;WLTP;65;63;Type 2;CCS Combo;7.4;;130;;Liquide;41 min. à 130 kW / 42 min. à 120 kW;22h53;17h33;403;;En option;Traction;1;4.595;2.775;1.65;1.85;468.0;1980.0;;Macpherson;Multibras;Thermique;CMF-EV ;235/55 R 19 ;
Nissan;Leaf II;2019;43700;217;340;7.3;157;Avant;217;Aimant permanent (synchrone);340;;;;;;;;;;62;56.5;Type 2;Chademo;6.6;;50;;Air;77 min. à 50 kW;21h50;16h44;385;18.5 ;Oui;Traction;1;4.49;2.7;1.54;1.788;435.0;1731.0;;Macpherson;Semi-rigide;Thermique;;205/55 R 16;
Peugeot;E-Rifter Long;2021;40500;136;260;11.2;130;Avant;136;Aimant permanent (synchrone);260;;;;;;;;;WLTP;50;46;Type 2;CCS Combo;7.4;11;100;;Liquide;33 min. à 100 kW;17h37;13h30;276;;Oui;Traction;1;4.753;2.975;1.874;1.848;850.0;1822.0;;Macpherson;Semi-rigide;Thermique;E-CMP;215/65 R 16;
Renault;Megane e-Tech EV60;2022;40200;220;300;7.4;160;Avant;220;A excitation (synchrone);300;;;;;;;;;WLTP;63;60;Type 2;CCS Combo;7.4;22;130;;Liquide;40 min. à 130 kW / 41 min. à 120 kW;22h11;17h01;450;16.1 ;En option;Traction;1;4.2;2.685;1.505;1.768;440.0;1636.0;;Macpherson;Multibras;Thermique;CMF-EV ;195/60 R 18;
Skoda;Enyaq 60;2021;43200;180;310;8.8;160;Arrière;180;Aimant permanent (synchrone);310;;;;;;;;;WLTP;62;58;Type 2;CCS Combo;11;;120;;Liquide;34 min. à 120 kW;21h50;16h44;412;14.6 ;En option;Propulsion;1;4.649;2.765;1.616;1.879;585.0;1917.0;;Macpherson;Multibras;Electrique;MEB;235/60 R 18;
Skoda;Enyaq 80;2021;49760;204;310;8.7;160;Arrière;204;Aimant permanent (synchrone);310;;;;;;;;;WLTP;82;77;Type 2;CCS Combo;11;;135;;Liquide;38 min. à 135 kW / 40 min. à 120 kW;28h53;22h08;534;15.2 ;En option;Propulsion;1;4.649;2.765;1.616;1.879;585.0;2032.0;;Macpherson;Multibras;Electrique;MEB;235/55 R 19;255/50 R 19
Tesla;Model Y Propulsion;2022;49990;276;330;6.9;217;Arrière;276;Aimant permanent + réluctance variable (synchrone);330;;;;;;;;;WLTP;62;57.5;Type 2;CCS Combo;11;;170;;Liquide;24 min. à 170 kW / 29 min. à 120 kW;21h50;16h44;455;;Oui;Propulsion;1;4.75;2.89;1.62;1.92;815.0;1984.0;115/700;Double triangle;Multibras;Electrique;;255/45 R 19;
Volkswagen;ID Buzz;2022;47990;204;310;10.2;145;Arrière;204;Aimant permanent (synchrone);310;;;;;;;;;WLTP;82;77;Type 2;CCS Combo;11;;170;;1;30 min. à 170 kW / 36 min. à 120 kW;28h53;22h08;416;20.4 ;En option;Propulsion;1;5.699;2.989;1.712;1.985;1121.0;2368.0;;Macpherson;Multibras;Electrique;;235/60 R 18 ;255/55 R 18 
Volkswagen;ID3 Pro Performance;2020;40900;204;310;7.3;160;Arrière;204;Aimant permanent (synchrone);310;;;;;;;;;WLTP;62;58;Type 2;CCS Combo;11;;120;;Liquide;34 min. à 120 kW;21h50;16h44;417;15.5 ;En option;Propulsion;1;4.261;2.77;1.568;1.809;385.0;1812.0;;Macpherson;Multibras;Electrique;MEB;215/55 R 18;
Volkswagen;ID3 Pro S;2020;44600;204;310;7.9;160;Arrière;204;Aimant permanent (synchrone);310;;;;;;;;;WLTP;82;77;Type 2;CCS Combo;11;;135;;Liquide;38 min. à 135 kW / 40 min. à 120 kW;28h53;22h08;545;15.8 ;En option;Propulsion;1;4.261;2.77;1.568;1.809;385.0;1928.0;;Macpherson;Multibras;Electrique;MEB;215/50 R 19;
Volkswagen;ID4 Pure;2020;41500;149;310;10.9;160;Arrière;149;Aimant permanent (synchrone);310;;;;;;;;;WLTP;55;52;Type 2;CCS Combo;7.2;;50;110;Liquide;69 min. à 50 kW;19h22;14h51;342;16.9 ;En option;Propulsion;1;4.584;2.771;1.64;1.852;543.0;1968.0;;Macpherson;Multibras;Electrique;MEB;235/60 R 18;
Volkswagen;ID4 Pure Performance;2020;43100;170;310;9.0;160;Arrière;170;Aimant permanent (synchrone);310;;;;;;;;;WLTP;55;52;Type 2;CCS Combo;7.2;;50;110;Liquide;69 min. à 50 kW;19h22;14h51;342;16.9 ;En option;Propulsion;1;4.584;2.771;1.64;1.852;543.0;1965.0;;Macpherson;Multibras;Electrique;MEB;235/60 R 18;
Volkswagen;ID4 Pro;2020;47800;174;310;8.9;160;Arrière;174;Aimant permanent (synchrone);310;;;;;;;;;WLTP;82;77;Type 2;CCS Combo;11;;135;;Liquide;38 min. à 135 kW / 40 min. à 120 kW;28h53;22h08;511;17.1 ;En option;Propulsion;1;4.584;2.771;1.64;1.852;543.0;2109.0;;Macpherson;Multibras;Electrique;MEB;235/55 R 19;255/50 R 19
Volkswagen;ID4 Pro Performance;2020;49400;204;310;8.5;180;Arrière;204;Aimant permanent (synchrone);310;;;;;;;;;WLTP;82;77;Type 2;CCS Combo;11;;135;;Liquide;38 min. à 135 kW / 40 min. à 120 kW;28h53;22h08;511;17.1 ;En option;Propulsion;1;4.584;2.771;1.64;1.852;543.0;2109.0;;Macpherson;Multibras;Electrique;MEB;235/55 R 19;255/50 R 19
Volvo;XC40 Recharge;2022;45800;231;330;7.4;160;Avant;231;Aimant permanent (synchrone);330;;;;;;;;;WLTP;69;67;Type 2;CCS Combo;11;;150;;Liquide;38 min. à 150 kW / 40 min. à 120 kW;24h18;18h38;425;23.8 ;Oui;Traction;1;4.425;2.702;1.652;1.863;483.0;2030.0;31/452;Macpherson;Multibras;Thermique;;235/50 R 19;
Audi;Q4 E-Tron 45 Quattro;2021;59700;265;460;6.9;180;Avant;170;A induction (asynchrone);;Arrière;204;Aimant permanent (synchrone);310;;;;;WLTP;82;77;Type 2;CCS Combo;11;;125;;Liquide;41 min. à 125 kW / 42 min. à 120 kW;28h53;22h08;481;18.2 ;En option;4X4;1;4.588;2.764;1.632;1.865;535.0;2205.0;;Macpherson;Multibras;Electrique;MEB;235/55 R 19;255/50 R 19
Audi;Q4 E-Tron Sportback 40;2021;50700;204;310;8.5;160;Arrière;204;Aimant permanent (synchrone);310;;;;;;;;;WLTP;82;77;Type 2;CCS Combo;11;;125;;Liquide;41 min. à 125 kW / 42 min. à 120 kW;28h53;22h08;522;17.2 ;En option;Propulsion;1;4.588;2.764;1.614;1.865;535.0;1970.0;;Macpherson;Multibras;Electrique;MEB;235/55 R 19;255/50 R 19
BMW;i4 EDrive 40;2021;59700;340;430;5.7;190;Arrière;340;A excitation (synchrone);430;;;;;;;;;WLTP;83.9;80.7;Type 2;CCS Combo;11;;205;;Liquide;28 min. à 205 kW / 37 min. à 120 kW;29h35;22h41;590;16.1 ;Oui;Propulsion;1;4.783;2.856;1.448;1.852;470.0;2050.0;;Macpherson;Multibras;Thermique;CLAR;225/55 R 17;
BMW;i4 eDrive 35;2023;57500;286;400;6.0;190;Arrière;286;A excitation (synchrone);400;;;;;;;;;WLTP;70.2;66;Type 2;CCS Combo;11;;185;;Liquide;25 min. à 185 kW / 31 min. à 120 kW;24h39;18h54;483;15.8 ;Oui;Propulsion;1;4.783;2.856;1.448;1.852;470.0;1990.0;;Macpherson;Multibras;Thermique;CLAR;225/55 R 17;
Fiat;E-Ulysse Standard;2022;54900;136;260;10.8;130;Avant;136;Aimant permanent (synchrone);260;;;;;;;;;WLTP;50;46;Type 2;CCS Combo;7.4;11;100;;1;33 min. à 100 kW;17h37;13h30;226;25.2 ;Oui;Traction;1;4.956;3.275;1.89;1.92;1556.0;1894.0;;Macpherson;Multibras;Thermique;;215/60 R 17;
Ford;Mustang Mach-e RWD Extended Range;2020;56500;294;430;7.0;180;Arrière;294;Aimant permanent (synchrone);430;;;;;;;;;WLTP;99;88;Type 2;CCS Combo;11;;150;;Liquide;33 min. à 150 kW / 41 min. à 120 kW;34h52;26h44;610;;En option;Propulsion;1;4.713;2.98;1.597;1.881;600.0;2085.0;81/519;Macpherson;Multibras;Electrique;;225/60 R 18;
Ford;Mustang Mach-e AWD Standard Range;2020;56500;269;580;6.3;180;Avant;;Aimant permanent (synchrone);;Arrière;;Aimant permanent (synchrone);;;;;;WLTP;75.7;68;Type 2;CCS Combo;11;;115;;Liquide;33 min. à 115 kW;26h46;20h31;400;;En option;4X4;1;4.713;2.98;1.597;1.881;600.0;2063.0;81/519;Macpherson;Multibras;Electrique;;225/55 R 19;
Hyundai;Ioniq 5 HTRAC;2021;59900;306;605;5.2;185;Avant;95;Aimant permanent (synchrone);255;Arrière;211;Aimant permanent (synchrone);350;;;;;WLTP;72.6;70;Type 2;CCS Combo;11;;233;;Liquide;33 min. à 233 kW / 39 min. à 120 kW;25h43;19h43;460;17.7 ;Oui;4X4;1;4.635;3.0;1.647;1.89;551.0;2095.0;24/527;Macpherson;Multibras;Electrique;E-GMP;255/45 R 20;
Kia;EV6 AWD;2021;53890;325;605;5.4;185;Avant;95;Aimant permanent (synchrone);255;Arrière;211;Aimant permanent (synchrone);350;;;;;WLTP;77.4;72.5;Type 2;CCS Combo;11;;233;;Liquide;25 min. à 233 kW / 34 min. à 120 kW;27h07;20h47;506;17.2 ;En option;4X4;1;4.68;2.9;1.55;1.88;510.0;2090.0;20/490;Macpherson;Multibras;Electrique;E-GMP;235/55 R 19;
Mercedes;EQA 250 +;2022;55750;190;385;8.6;160;Avant;;A induction (asynchrone);;;;;;;;;;WLTP;79.8;70.5;Type 2;CCS Combo;11;;100;;Liquide;40 min. à 100 kW;28h10;21h36;489;14.5 ;Oui;Traction;1;4.463;2.729;1.62;1.834;340.0;2040.0;;Macpherson;Multibras;Thermique;MRA;235/55 R 18;
MG;Marvel R Performance;2022;50990;289;665;4.9;200;Avant;109;Aimant permanent (synchrone);255;Arrière;71;Aimant permanent (synchrone);155;Arrière;109;Aimant permanent (synchrone);255;WLTP;70;66;Type 2;CCS Combo;11;;92;;Liquide;47 min. à 92 kW;24h39;18h54;370;20.9 ;En option;4X4;2;4.674;2.804;1.613;1.919;357.0;1995.0;;Macpherson;Multibras;Electrique;;235/45 R 19;
Nissan;Ariya Traction;2021;57400;242;300;7.6;160;Avant;242;A excitation (synchrone);300;;;;;;;;;WLTP;90;87;Type 2;CCS Combo;7.4;22;130;;Liquide;43 min. à 130 kW / 45 min. à 120 kW;31h42;24h18;520;;En option;Traction;1;4.595;2.775;1.65;1.85;468.0;2089.0;;Macpherson;Multibras;Thermique;CMF-EV ;235/55 R 19 ;
Peugeot;E-Traveler;2022;56700;136;260;10.8;130;Avant;136;Aimant permanent (synchrone);260;;;;;;;;;WLTP;50;46;Type 2;CCS Combo;7.4;11;100;;1;33 min. à 100 kW;17h37;13h30;230;25.1 ;Oui;Traction;1;4.959;3.275;1.899;1.92;1556.0;1894.0;;Macpherson;Multibras;Thermique;;215/60 R 17;
Peugeot;E-Traveler Long;2022;57700;136;260;10.8;130;Avant;136;Aimant permanent (synchrone);260;;;;;;;;;WLTP;50;46;Type 2;CCS Combo;7.4;11;100;;1;33 min. à 100 kW;17h37;13h30;230;25.2 ;Oui;Traction;1;5.306;3.275;1.899;1.92;1950.0;1914.0;;Macpherson;Multibras;Thermique;;215/60 R 17;
Skoda;Enyaq 80x;2021;52030;265;425;6.9;160;Avant;109;A induction (asynchrone);160;Arrière;204;Aimant permanent (synchrone);310;;;;;WLTP;82;77;Type 2;CCS Combo;11;;135;;Liquide;38 min. à 135 kW / 40 min. à 120 kW;28h53;22h08;495;;En option;4X4;1;4.653;2.765;1.605;1.879;585.0;2120.0;;Macpherson;Multibras;Electrique;MEB;235/50 R 20;255/45 R 20
Tesla;Model 3 Long Range;2018;53990;441;493;4.4;233;Avant;165;A induction (asynchrone);163;Arrière;276;Aimant permanent + réluctance variable (synchrone);330;;;;;WLTP;77;74;Type 2;CCS Combo;11;;250;;Liquide;25 min. à 250 kW / 34 min. à 120 kW;27h07;20h47;560;;Oui;4X4;1;4.69;2.88;1.44;1.85;545.0;1919.0;50/495;Double triangle;Multibras;Electrique;;235/45 R 18;
Tesla;Model 3 Performance;2018;59990;513;660;3.2;233;Avant;215;A induction (asynchrone);240;Arrière;298;Aimant permanent + réluctance variable (synchrone);420;;;;;WLTP;77;74;Type 2;CCS Combo;11;;250;;Liquide;25 min. à 250 kW / 34 min. à 120 kW;27h07;20h47;530;;Oui;4X4;1;4.69;2.88;1.44;1.85;545.0;1922.0;50/495;Double triangle;Multibras;Electrique;;235/35 R 20;
Tesla;Model 3 Propulsion;2021;53490;276;330;6.1;225;Arrière;276;Aimant permanent + réluctance variable (synchrone);330;;;;;;;;;WLTP;62;57.5;Type 2;CCS Combo;11;;170;;Liquide;24 min. à 170 kW / 29 min. à 120 kW;21h50;16h44;491;;Oui;Propulsion;1;4.69;2.88;1.44;1.85;545.0;1845.0;50/495;Double triangle;Multibras;Electrique;;235/45 R 18;
Volkswagen;ID4 GTX;2020;54450;299;460;6.2;180;Avant;109;A induction (asynchrone);160;Arrière;204;Aimant permanent (synchrone);310;;;;;WLTP;82;77;Type 2;CCS Combo;11;;150;;Liquide;34 min. à 150 kW / 38 min. à 120 kW;28h53;22h08;478;18.4 ;En option;4X4;1;4.582;2.769;1.637;1.852;543.0;2224.0;;Macpherson;Multibras;Electrique;MEB;235/50 R 20;255/45 R 20
Volvo;XC40 Recharge Twin;2020;58050;408;660;4.9;180;Avant;204;Aimant permanent (synchrone);330;Arrière;204;Aimant permanent (synchrone);330;;;;;WLTP;78;75;Type 2;CCS Combo;11;;150;;Liquide;32 min. à 150 kW / 36 min. à 120 kW;27h28;21h04;438;23.8 ;Oui;4X4;1;4.425;2.702;1.652;1.863;483.0;2188.0;31/452;Macpherson;Multibras;Thermique;;235/50 R 19;
Audi;Q4 E-Tron 50 Quattro;2021;65700;299;460;6.2;180;Avant;170;A induction (asynchrone);;Arrière;204;Aimant permanent (synchrone);310;;;;;WLTP;82;77;Type 2;CCS Combo;11;;125;;Liquide;41 min. à 125 kW / 42 min. à 120 kW;28h53;22h08;478;18.4 ;En option;4X4;1;4.588;2.764;1.632;1.865;535.0;2205.0;;Macpherson;Multibras;Electrique;MEB;235/55 R 19;255/50 R 19
Audi;Q4 E-Tron Sportback 45 Quattro;2021;61700;265;460;6.9;180;Avant;170;A induction (asynchrone);;Arrière;204;Aimant permanent (synchrone);310;;;;;WLTP;82;77;Type 2;CCS Combo;11;;125;;Liquide;41 min. à 125 kW / 42 min. à 120 kW;28h53;22h08;487;18.6 ;En option;4X4;1;4.588;2.764;1.614;1.865;535.0;2210.0;;Macpherson;Multibras;Electrique;MEB;235/55 R 19;255/50 R 19
Audi;Q4 E-Tron Sportback 50 Quattro;2021;67700;299;460;6.2;180;Avant;170;A induction (asynchrone);;Arrière;204;Aimant permanent (synchrone);310;;;;;WLTP;82;77;Type 2;CCS Combo;11;;125;;Liquide;41 min. à 125 kW / 42 min. à 120 kW;28h53;22h08;485;18.8 ;En option;4X4;1;4.588;2.764;1.614;1.865;535.0;2210.0;;Macpherson;Multibras;Electrique;MEB;235/55 R 19;255/50 R 19
BMW;iX3;2020;69500;286;400;6.8;180;Arrière;286;A excitation (synchrone);400;;;;;;;;;WLTP;80;74;Type 2;CCS Combo;7.4;;150;;Liquide;33 min. à 150 kW / 37 min. à 120 kW;28h10;21h36;461;18.5 ;Oui;Propulsion;1;4.734;2.864;1.668;1.891;510.0;2255.0;;Macpherson;Multibras;Thermique;CLAR;245/50 R 19;
Fiat;E-Ulysse Standard;2022;60900;136;260;11.9;130;Avant;136;Aimant permanent (synchrone);260;;;;;;;;;WLTP;75;68;Type 2;CCS Combo;7.4;11;100;;1;42 min. à 100 kW;26h25;20h15;323;25.6 ;Oui;Traction;1;4.956;3.275;1.89;1.92;1556.0;2065.0;;Macpherson;Multibras;Thermique;;215/60 R 17;
Fiat;E-Ulysse Living / Long;2022;60900;136;260;11.9;130;Avant;136;Aimant permanent (synchrone);260;;;;;;;;;WLTP;75;68;Type 2;CCS Combo;7.4;11;100;;1;42 min. à 100 kW;26h25;20h15;303;25.4 ;Oui;Traction;1;5.306;3.275;1.89;1.92;1950.0;2092.0;;Macpherson;Multibras;Thermique;;215/60 R 17;
Ford;Mustang Mach-e AWD Extended Range;2020;65500;351;580;5.8;180;Avant;;Aimant permanent (synchrone);;Arrière;;Aimant permanent (synchrone);;;;;;WLTP;99;88;Type 2;CCS Combo;11;;150;;Liquide;33 min. à 150 kW / 41 min. à 120 kW;34h52;26h44;540;;En option;4X4;1;4.713;2.98;1.597;1.881;600.0;2182.0;81/519;Macpherson;Multibras;Electrique;;225/55 R 19;
Hyundai;Ioniq 5 HTRAC;2022;62400;325;605;5.1;185;Avant;95;Aimant permanent (synchrone);255;Arrière;229;Aimant permanent (synchrone);350;;;;;WLTP;77.4;72.6;Type 2;CCS Combo;11;;233;;Liquide;25 min. à 233 kW / 34 min. à 120 kW;27h07;20h47;481;17.7 ;Oui;4X4;1;4.635;3.0;1.647;1.89;551.0;2200.0;24/527;Macpherson;Multibras;Electrique;E-GMP;255/45 R 20;
Kia;EV6 GT AWD;2021;65990;585;740;3.5;260;Avant;250;Aimant permanent (synchrone);350;Arrière;350;Aimant permanent (synchrone);500;;;;;WLTP;77.4;72.5;Type 2;CCS Combo;11;;233;;Liquide;25 min. à 233 kW / 34 min. à 120 kW;27h07;20h47;406;19.1 ;Oui;4X4;1;4.68;2.9;1.55;1.88;510.0;2250.0;20/490;Macpherson;Multibras;Electrique;E-GMP;255/40 R 21;
Mercedes;EQA 350 4Matic;2021;61200;292;520;6.0;160;Avant;;A induction (asynchrone);;Arrière;;Aimant permanent (synchrone);;;;;;WLTP;79.8;66.5;Type 2;CCS Combo;11;;100;;Liquide;40 min. à 100 kW;28h10;21h36;434;17.6 ;Oui;4X4;1;4.463;2.729;1.62;1.834;340.0;2015.0;;Macpherson;Multibras;Thermique;MRA;235/55 R 18;
Mercedes;EQB 300 4Matic;2021;63041;228;390;8.0;160;Avant;;A induction (asynchrone);;Arrière;;Aimant permanent (synchrone);;;;;;WLTP;79.8;66.5;Type 2;CCS Combo;11;;100;;Liquide;40 min. à 100 kW;28h10;21h36;395;19.2 ;Oui;4X4;1;4.684;2.829;1.667;1.834;495.0;2175.0;;Macpherson;Multibras;Thermique;MRA;235/55 R 18;
Mercedes;EQB 350 4Matic;2021;65945;292;520;6.2;160;Avant;;A induction (asynchrone);;Arrière;;Aimant permanent (synchrone);;;;;;WLTP;79.8;66.5;Type 2;CCS Combo;11;;100;;Liquide;40 min. à 100 kW;28h10;21h36;395;19.2 ;Oui;4X4;1;4.684;2.829;1.667;1.834;495.0;2175.0;;Macpherson;Multibras;Thermique;MRA;235/55 R 18;
Nissan;Ariya e-4orce 4X4;2021;60400;306;600;5.7;200;Avant;242;A excitation (synchrone);300;Arrière;242;A excitation (synchrone);300;;;;;WLTP;90;87;Type 2;CCS Combo;7.4;22;130;;Liquide;43 min. à 130 kW / 45 min. à 120 kW;31h42;24h18;493;;En option;4X4;1;4.595;2.775;1.65;1.85;415.0;2218.0;;Macpherson;Multibras;Thermique;CMF-EV ;255/45 R 20;
Peugeot;E-Traveler;2022;62700;136;260;11.9;130;Avant;136;Aimant permanent (synchrone);260;;;;;;;;;WLTP;75;68;Type 2;CCS Combo;7.4;11;100;;1;42 min. à 100 kW;26h25;20h15;330;26.6 ;Oui;Traction;1;4.959;3.275;1.899;1.92;1556.0;2065.0;;Macpherson;Multibras;Thermique;;215/60 R 17;
Peugeot;E-Traveler Long;2022;63700;136;260;11.9;130;Avant;136;Aimant permanent (synchrone);260;;;;;;;;;WLTP;75;68;Type 2;CCS Combo;7.4;11;100;;1;42 min. à 100 kW;26h25;20h15;330;26.8 ;Oui;Traction;1;5.306;3.275;1.899;1.92;1950.0;2065.0;;Macpherson;Multibras;Thermique;;215/60 R 17;
Tesla;Model 3 Long Range;2021;62490;441;493;4.4;233;Avant;165;A induction (asynchrone);163;Arrière;276;Aimant permanent + réluctance variable (synchrone);330;;;;;WLTP;82;77;Type 2;CCS Combo;11;;250;;Liquide;26 min. à 250 kW / 36 min. à 120 kW;28h53;22h08;602;;Oui;4X4;1;4.69;2.88;1.44;1.85;545.0;1920.0;50/495;Double triangle;Multibras;Electrique;;235/45 R 18;
Tesla;Model 3 Performance;2021;66490;513;660;3.2;233;Avant;215;A induction (asynchrone);240;Arrière;298;Aimant permanent + réluctance variable (synchrone);420;;;;;WLTP;82;77;Type 2;CCS Combo;11;;250;;Liquide;26 min. à 250 kW / 36 min. à 120 kW;28h53;22h08;547;;Oui;4X4;1;4.69;2.88;1.44;1.85;545.0;1925.0;50/495;Double triangle;Multibras;Electrique;;235/35 R 20;
Tesla;Model Y Long Range;2021;64990;441;493;5.0;217;Avant;165;A induction (asynchrone);163;Arrière;276;Aimant permanent + réluctance variable (synchrone);330;;;;;WLTP;82;77;Type 2;CCS Combo;11;;250;;Liquide;26 min. à 250 kW / 36 min. à 120 kW;28h53;22h08;533;;Oui;4X4;1;4.75;2.89;1.62;1.92;815.0;2054.0;115/700;Double triangle;Multibras;Electrique;;255/45 R 19;
Tesla;Model Y Performance;2021;69990;513;660;3.7;250;Avant;215;A induction (asynchrone);240;Arrière;298;Aimant permanent + réluctance variable (synchrone);420;;;;;WLTP;82;77;Type 2;CCS Combo;11;;250;;Liquide;26 min. à 250 kW / 36 min. à 120 kW;28h53;22h08;514;;Oui;4X4;1;4.75;2.89;1.62;1.92;815.0;2078.0;115/700;Double triangle;Multibras;Electrique;;255/35 R 21;275/35 R 21
Audi;E-tron 50 Quattro;2019;71900;313;540;6.8;190;Avant;170;A induction (asynchrone);;Arrière;156;A induction (asynchrone);;;;;;WLTP;71;64.7;Type 2;CCS Combo;11;;120;;Liquide;33 min. à 120 kW;25h00;19h10;339;21.8 ;Oui;4X4;1;4.901;2.928;1.629;1.935;660.0;2445.0;60/600;Double triangle;Multibras;Thermique;MLB;255/50 R 20;
Audi;E-tron Sportback 50 Quattro;2019;74500;313;540;6.8;190;Avant;170;A induction (asynchrone);;Arrière;156;A induction (asynchrone);;;;;;WLTP;71;64.7;Type 2;CCS Combo;11;;120;;Liquide;33 min. à 120 kW;25h00;19h10;346;21.4 ;Oui;4X4;1;4.901;2.928;1.616;1.935;660.0;2445.0;60/600;Double triangle;Multibras;Thermique;MLB;255/50 R 20;
BMW;i4 M50;2021;71650;544;795;3.9;225;Avant;;A excitation (synchrone);;Arrière;;A excitation (synchrone);;;;;;WLTP;83.9;80.7;Type 2;CCS Combo;11;;205;;Liquide;28 min. à 205 kW / 37 min. à 120 kW;29h35;22h41;520;18 ;Oui;4X4;1;4.783;2.856;1.448;1.852;470.0;2215.0;;Macpherson;Multibras;Thermique;CLAR;245/45 R 18;255/45 R 18
Ford;Mustang Mach-e AWD GT;2020;78950;487;860;3.7;180;Avant;;Aimant permanent (synchrone);;Arrière;;Aimant permanent (synchrone);;;;;;WLTP;99;88;Type 2;CCS Combo;11;;150;;Liquide;33 min. à 150 kW / 41 min. à 120 kW;34h52;26h44;500;;En option;4X4;1;4.713;2.98;1.597;1.881;600.0;2273.0;81/519;Macpherson;Multibras;Electrique;;245/45 R 20;
Jaguar;I-Pace EV400;2018;79990;400;696;4.8;200;Avant;;Aimant permanent (synchrone);;Arrière;;Aimant permanent (synchrone);;;;;;WLTP;90;84.7;Type 2;CCS Combo;11;;100;;Liquide;56 min. à 100 kW;31h42;24h18;480;21.2 ;Oui;4X4;1;4.682;2.99;1.565;2.011;505.0;2208.0;;Double triangle;Multibras;Electrique;;235/65 R 18;
Jaguar;I-Pace EV320;2020;70350;320;500;6.4;180;Avant;;Aimant permanent (synchrone);;Arrière;;Aimant permanent (synchrone);;;;;;WLTP;90;84.7;Type 2;CCS Combo;11;;100;;Liquide;56 min. à 100 kW;31h42;24h18;470;;Oui;4X4;1;4.682;2.99;1.565;2.011;505.0;2133.0;;Double triangle;Multibras;Electrique;;235/65 R 18;
Mercedes;EQC 400 4MAtic;2019;79250;408;760;5.1;180;Avant;;A induction (asynchrone);;Arrière;;A induction (asynchrone);;;;;;WLTP;85;80;Type 2;CCS Combo;7.4;;110;;Liquide;48 min. à 110 kW;29h56;22h57;475;19.7 ;Oui;4X4;1;4.761;2.873;1.623;1.884;500.0;2495.0;;Double triangle;Multibras;Thermique;MFA;235/55 R 19;
Mercedes;EQE 300;2022;75000;245;550;7.3;210;Arrière;245;Aimant permanent (synchrone);550;;;;;;;;;WLTP;100;90;Type 2;CCS Combo;11;22;170;;Liquide;29 min. à 170 kW / 41 min. à 120 kW;35h13;27h00;639;15.7 ;Oui;Propulsion;1;4.946;3.12;1.503;1.906;430.0;2385.0;;Double triangle;Multibras;Electrique;;255/45 R 19;
Mercedes;EQE 350;2022;78900;292;565;6.4;210;Arrière;292;Aimant permanent (synchrone);565;;;;;;;;;WLTP;100;90;Type 2;CCS Combo;11;22;170;;Liquide;29 min. à 170 kW / 41 min. à 120 kW;35h13;27h00;639;15.7 ;Oui;Propulsion;1;4.946;3.12;1.503;1.906;430.0;2385.0;;Double triangle;Multibras;Electrique;;255/45 R 19;
Mercedes;EQV 300;2022;74046;204;362;12.1;160;Avant;204;Aimant permanent (synchrone);362;;;;;;;;;WLTP;100;90;Type 2;CCS Combo;11;;110;;1;45 min. à 110 kW;35h13;27h00;353;28.3 ;Oui;Traction;1;5.14;3.2;1.901;1.928;1030.0;2814.0;;Macpherson;Multibras;Thermique;;245/55 R 17;
Mercedes;EQV 300 Extra long;2022;74868;204;362;12.2;160;Avant;204;Aimant permanent (synchrone);362;;;;;;;;;WLTP;100;90;Type 2;CCS Combo;11;;110;;1;45 min. à 110 kW;35h13;27h00;351;28.5 ;Oui;Traction;1;5.37;3.2;1.901;1.928;1410.0;2844.0;;Macpherson;Multibras;Thermique;;245/55 R 17;
Audi;E-tron 55 Quattro;2020;84200;360;664;5.7;200;Avant;170;A induction (asynchrone);;Arrière;190;A induction (asynchrone);;;;;;WLTP;95;86;Type 2;CCS Combo;11;;150;;Liquide;32 min. à 150 kW / 39 min. à 120 kW;33h27;25h39;437;22.3 ;Oui;4X4;1;4.901;2.928;1.629;1.935;660.0;2555.0;60/600;Double triangle;Multibras;Thermique;MLB;255/50 R 20;
Audi;E-tron Sportback 55 Quattro;2020;86800;360;664;5.7;200;Avant;170;A induction (asynchrone);;Arrière;190;A induction (asynchrone);;;;;;WLTP;95;86;Type 2;CCS Combo;11;;150;;Liquide;32 min. à 150 kW / 39 min. à 120 kW;33h27;25h39;446;21.9 ;Oui;4X4;1;4.901;2.928;1.616;1.935;660.0;2555.0;60/600;Double triangle;Multibras;Thermique;MLB;255/50 R 20;
BMW;iX xDrive40;2021;86250;326;630;6.1;200;Avant;;A excitation (synchrone);;Arrière;;A excitation (synchrone);;;;;;WLTP;76.6;71;Type 2;CCS Combo;11;;150;;Liquide;32 min. à 150 kW / 36 min. à 120 kW;27h07;20h47;425;19.4 ;Oui;4X4;1;4.953;3.0;1.695;1.967;500.0;2440.0;;Double triangle;Multibras;Thermique;CLAR;235/60 R 20;
Audi;E-tron S Quattro;2021;96600;503;973;4.5;210;Avant;170;A induction (asynchrone);;Arrière;129;A induction (asynchrone);;Arrière;129;A induction (asynchrone);;WLTP;95;86;Type 2;CCS Combo;11;;150;;Liquide;32 min. à 150 kW / 39 min. à 120 kW;33h27;25h39;372;26.2 ;Oui;4X4;1;4.902;2.928;1.629;1.935;660.0;2445.0;60/600;Double triangle;Multibras;Thermique;MLB;255/50 R 20;
Audi;E-Tron GT RS;2021;101500;598;830;3.3;250;Avant;238;A induction (asynchrone);;Arrière;456;Aimant permanent (synchrone);;;;;;WLTP;93.4;87.3;Type 2;CCS Combo;22;;270;;Liquide;29 min. à 270 kW / 41 min. à 120 kW;32h45;25h07;465;21 ;Oui;4X4;2;4.989;2.9;1.414;1.964;435.0;2422.0;85/350;Double triangle;Multibras;Electrique;PPE;245/45 R 20;285/40 R 20
Audi;E-tron Sportback S Quattro;2020;99200;503;973;4.5;210;Avant;170;A induction (asynchrone);;Arrière;129;A induction (asynchrone);;Arrière;129;A induction (asynchrone);;WLTP;95;86;Type 2;CCS Combo;11;;150;;Liquide;32 min. à 150 kW / 39 min. à 120 kW;33h27;25h39;378;25.8 ;Oui;4X4;1;4.902;2.928;1.616;1.935;660.0;2555.0;60/600;Double triangle;Multibras;Thermique;MLB;255/50 R 20;
BMW;iX xDrive50;2021;110000;523;765;4.6;200;Avant;;A excitation (synchrone);;Arrière;;A excitation (synchrone);;;;;;WLTP;111.5;105.2;Type 2;CCS Combo;11;;200;;Liquide;28 min. à 200 kW / 46 min. à 120 kW;39h27;30h14;720;19.8 ;Oui;4X4;1;4.953;3.0;1.695;1.967;500.0;2585.0;;Double triangle;Multibras;Thermique;CLAR;235/60 R 20;
Porsche;Taycan 4S;2020;108600;435;640;4.0;250;Avant;;Aimant permanent (synchrone);;Arrière;;Aimant permanent (synchrone);;;;;;WLTP;79.2;71;Type 2;CCS Combo;22;;270;;Liquide;25 min. à 270 kW / 35 min. à 120 kW;27h49;21h20;407;24.6 ;Oui;4X4;2;4.963;2.9;1.379;1.966;488.0;2215.0;81/407;Double triangle;Multibras;Electrique;PPE;225/45 R 19;275/45 R 19
Porsche;Taycan 4S;2020;115200;490;650;4.0;250;Avant;;Aimant permanent (synchrone);;Arrière;;Aimant permanent (synchrone);;;;;;WLTP;93.4;83.7;Type 2;CCS Combo;22;;270;;Liquide;29 min. à 270 kW / 41 min. à 120 kW;32h45;25h07;463;25.6 ;Oui;4X4;2;4.963;2.9;1.379;1.966;488.0;2295.0;81/407;Double triangle;Multibras;Electrique;PPE;225/45 R 19;275/45 R 19
Porsche;Taycan Cross Turismo 4;2021;96454;380;500;5.1;220;Avant;;Aimant permanent (synchrone);;Arrière;;Aimant permanent (synchrone);;;;;;WLTP;93.4;83.7;Type 2;CCS Combo;22;;270;;Liquide;29 min. à 270 kW / 41 min. à 120 kW;32h45;25h07;456;28.1 ;Oui;4X4;2;4.974;2.9;1.41;1.967;530.0;2320.0;84/446;Double triangle;Multibras;Electrique;PPE;225/45 R 19;275/45 R 19
Porsche;Taycan Cross Turismo 4S;2021;114800;490;650;4.1;240;Avant;;Aimant permanent (synchrone);;Arrière;;Aimant permanent (synchrone);;;;;;WLTP;93.4;83.7;Type 2;CCS Combo;22;;270;;Liquide;29 min. à 270 kW / 41 min. à 120 kW;32h45;25h07;452;28.1 ;Oui;4X4;2;4.974;2.9;1.41;1.967;530.0;2320.0;84/446;Double triangle;Multibras;Electrique;PPE;225/45 R 19;275/45 R 19
Tesla;Model S Long Range;2018;99990;520;660;4.4;250;Avant;;Aimant permanent + réluctance variable (synchrone);;Arrière;;A induction (asynchrone);;;;;;WLTP;98;93;Type 2;Type 2;22;;200;;Liquide;31 min. à 200 kW / 42 min. à 120 kW;34h31;26h28;652;;Oui;4X4;1;4.98;2.96;1.44;1.96;740.0;2215.0;90/650;Double triangle;Multibras;Electrique;;245/45 R 19;
Tesla;Model X Long Range;2018;99990;760;980;4.6;250;Avant;;Aimant permanent + réluctance variable (synchrone);;Arrière;;A induction (asynchrone);;;;;;WLTP;98;93;Type 2;Type 2;22;;200;;Liquide;31 min. à 200 kW / 42 min. à 120 kW;34h31;26h28;507;;Non;4X4;1;5.04;2.97;1.68;2.0;845.0;2535.0;125/720;Double triangle;Multibras;Electrique;;255/45 R 20;
Audi;E-Tron GT Quattro;2021;140700;476;630;4.1;245;Avant;238;A induction (asynchrone);;Arrière;435;Aimant permanent (synchrone);;;;;;WLTP;93.4;87.3;Type 2;CCS Combo;22;;270;;Liquide;29 min. à 270 kW / 41 min. à 120 kW;32h45;25h07;488;20.8 ;Oui;4X4;2;4.989;2.9;1.414;1.964;490.0;2276.0;85/405;Double triangle;Multibras;Electrique;PPE;225/45 R 19;275/45 R 19
BMW;iX M60;2021;132000;540;1100;3.8;250;Avant;;A excitation (synchrone);;Arrière;;A excitation (synchrone);;;;;;WLTP;111.5;105.2;Type 2;CCS Combo;11;;200;;Liquide;28 min. à 200 kW / 46 min. à 120 kW;39h27;30h14;720;19.8 ;Oui;4X4;1;4.953;3.0;1.695;1.967;500.0;2659.0;;Double triangle;Multibras;Thermique;CLAR;235/60 R 20;
Mercedes;EQS 450;2021;127250;333;565;6.2;210;Arrière;333;Aimant permanent (synchrone);565;;;;;;;;;WLTP;120;107.8;Type 2;CCS Combo;11;;200;;Liquide;30 min. à 200 kW / 50 min. à 120 kW;42h16;32h24;729;17 ;Oui;Propulsion;1;5.322;3.21;1.512;1.926;610.0;2480.0;;Double triangle;Multibras;Electrique;;235/55 R 19 ;
Mercedes;EQS 580 4Matic;2021;152800;523;855;4.3;210;Avant;;Aimant permanent (synchrone);;Arrière;;Aimant permanent (synchrone);;;;;;WLTP;120;107.8;Type 2;CCS Combo;11;;200;;Liquide;30 min. à 200 kW / 50 min. à 120 kW;42h16;32h24;651;19.1 ;Oui;4X4;1;5.322;3.21;1.512;1.926;610.0;2585.0;;Double triangle;Multibras;Electrique;;255/45 R 20 ;
Porsche;Taycan Turbo;2020;155500;625;850;3.2;260;Avant;;Aimant permanent (synchrone);;Arrière;;Aimant permanent (synchrone);;;;;;WLTP;93.4;83.7;Type 2;CCS Combo;22;;270;;Liquide;29 min. à 270 kW / 41 min. à 120 kW;32h45;25h07;450;26 ;Oui;4X4;2;4.963;2.9;1.379;1.966;447.0;2380.0;81/366;Double triangle;Multibras;Electrique;PPE;245/45 R 20;285/40 R 20
Porsche;Taycan Turbo S;2020;189150;625;1050;2.8;260;Avant;;Aimant permanent (synchrone);;Arrière;;Aimant permanent (synchrone);;;;;;WLTP;93.4;83.7;Type 2;CCS Combo;22;;270;;Liquide;29 min. à 270 kW / 41 min. à 120 kW;32h45;25h07;412;26.9 ;Oui;4X4;2;4.963;2.9;1.379;1.966;447.0;2370.0;81/366;Double triangle;Multibras;Electrique;PPE;265/35 R 21;305/30 R 21
Porsche;Taycan Cross Turismo Turbo;2021;157774;625;850;3.3;250;Avant;;Aimant permanent (synchrone);;Arrière;;Aimant permanent (synchrone);;;;;;WLTP;93.4;83.7;Type 2;CCS Combo;22;;270;;Liquide;29 min. à 270 kW / 41 min. à 120 kW;32h45;25h07;452;28.7 ;Oui;4X4;2;4.974;2.9;1.41;1.967;489.0;2395.0;84/405;Double triangle;Multibras;Electrique;PPE;245/45 R 20;285/40 R 20
Porsche;Taycan Cross Turismo Turbo S;2021;191400;625;1050;2.9;250;Avant;;Aimant permanent (synchrone);;Arrière;;Aimant permanent (synchrone);;;;;;WLTP;93.4;83.7;Type 2;CCS Combo;22;;270;;Liquide;29 min. à 270 kW / 41 min. à 120 kW;32h45;25h07;419;29.4 ;Oui;4X4;2;4.974;2.9;1.41;1.967;489.0;2395.0;84/405;Double triangle;Multibras;Electrique;PPE;265/35 R 21;305/30 R 21
