fabricant;modele;annee;prix;puissance_cumul;couple_cumul;0_100_km_h;vitesse_max;position_moteur_1;puissance_moteur_1;type_moteur_1;couple_moteur_1;position_moteur_2;puissance_moteur_2;type_moteur_2;couple_moteur_2;position_moteur_3;puissance_moteur_3;type_moteur_3;couple_moteur_3;capacite_nominale_brute;capacite_utile_nette;prise_de_charge_AC;prise_de_charge_DC;vitesse_de_charge_AC;vitesse_de_charge_DC;refroidissement;;temps_de_charge_DC_0-80%;temps_de_charge_AC_0-80%_prise_dom;temps_de_charge_AC_0-80%_prise_dom_renforcee;temps_de_charge_AC_0-80%_wallbox;autonomie_electrique_mixte;conso_electrique;pompe_a_chaleur;;motricite;rapports;longueur;empattement;hauteur;largeur;coffre;poids;coffre_avant_arriere;;essieu_avant;essieu_arriere;base_chassis;plateforme;pneus;pneus_arriere
Citroen;C-Zero;2012;26900 €;67 ch;196 Nm;15.9 secondes;130 km/h;Arrière;67 ch;Aimant permanent (synchrone);196 Nm;;;;;;;;;16 kWh;14.5 kWh;Type 2;Chademo;3.7 kW;50 kW;Air;;34 min. à 50 kW;5h38 à 2.3 kW;4h19 à 3 kW;3h30 à 3.7 kW;100 km;12.5 kWh/100km;Non;;Propulsion;1;3.475 m;2.55 m;1.608 m;1.475 m;166 Litres;1150 kg;;;Macpherson;Semi Rigide;Thermique;"<i style=""color:#A5A5A5"">NC</i>";145/65 R 15;175/55 R 15
Dacia;Spring;2021;20800 €;45 ch;125 Nm;19.1 secondes;125 km/h;Avant;45 ch;Aimant permanent (synchrone);125 Nm;;;;;;;;;27.4 kWh;26.8 kWh;Type 2;CCS Combo;6.6 kW;0 kW;30 kW;Air;56 min. à 30 kW;9h31 à 2.3 kW;7h17 à 3 kW;3h19 à 6.6 kW;230 km;13.9 kWh/100km;Non;;Traction;1;3.734 m;2.423 m;1.516 m;1.579 m;270 Litres;1045 kg;;;Macpherson;Semi Rigide;Thermique;"<i style=""color:#A5A5A5"">NC</i>";165/70 R 14;
Dacia;Spring;2023;22300 €;65 ch;113 Nm;13.7 secondes;125 km/h;Avant;65 ch;Aimant permanent (synchrone);113 Nm;;;;;;;;;27.4 kWh;26.8 kWh;Type 2;CCS Combo;6.6 kW;0 kW;30 kW;Air;56 min. à 30 kW;9h31 à 2.3 kW;7h17 à 3 kW;3h19 à 6.6 kW;220 km;14.5 kWh/100km;Non;;Traction;1;3.734 m;2.423 m;1.516 m;1.579 m;270 Litres;1050 kg;;;Macpherson;Semi Rigide;Thermique;"<i style=""color:#A5A5A5"">NC</i>";165/70 R 14;
Fiat;500e;2020;24500 €;95 ch;220 Nm;9.5 secondes;135 km/h;Avant;95 ch;Aimant permanent (synchrone);220 Nm;;;;;;;;;23.8 kWh;21.3 kWh;Type 2;CCS Combo;11 kW;50 kW;Liquide;;31 min. à 50 kW;8h27 à 2.3 kW;6h29 à 3 kW;1h46 à 11 kW;190 km;13 kWh/100km;Non;;Traction;1;3.632 m;2.322 m;1.527 m;1.748 m;185 Litres;1255 kg;;;Macpherson;Semi Rigide;Thermique;"<i style=""color:#A5A5A5"">NC</i>";185/65 R 15;
Fiat;500e;2020;27500 €;118 ch;220 Nm;9 secondes;150 km/h;Avant;118 ch;Aimant permanent (synchrone);220 Nm;;;;;;;;;42 kWh;37.3 kWh;Type 2;CCS Combo;11 kW;85 kW;Liquide;;32 min. à 85 kW;14h47 à 2.3 kW;11h20 à 3 kW;3h06 à 11 kW;321 km;14 kWh/100km;Non;;Traction;1;3.632 m;2.322 m;1.527 m;1.748 m;185 Litres;1365 kg;;;Macpherson;Semi Rigide;Thermique;"<i style=""color:#A5A5A5"">NC</i>";185/65 R 15;
Nissan;Leaf;2011;29240 €;109 ch;254 Nm;11.5 secondes;144 km/h;Avant;109 ch;A excitation (synchrone);254 Nm;;;;;;;;;24 kWh;"<i style=""color:#A5A5A5"">NC</i>";Type 2;Chademo;6.6 kW;50 kW;Air;;26 min. à 50 kW;8h27 à 2.3 kW;6h29 à 3 kW;2h57 à 6.6 kW;199 km;15 kWh/100km;Oui;;Traction;1;4.445 m;2.7 m;1.55 m;1.77 m;370 Litres;1505 kg;;;Macpherson;Semi Rigide;Thermique;"<i style=""color:#A5A5A5"">NC</i>";205/55 R 16;
Peugeot;Ion;2012;26900 €;67 ch;196 Nm;15.9 secondes;130 km/h;Arrière;67 ch;Aimant permanent (synchrone);196 Nm;;;;;;;;;16 kWh;14.5 kWh;Type 2;Chademo;3.7 kW;50 kW;Air;;34 min. à 50 kW;5h38 à 2.3 kW;4h19 à 3 kW;3h30 à 3.7 kW;100 km;12.5 kWh/100km;Non;;Propulsion;1;3.747 m;2.55 m;1.608 m;1.475 m;166 Litres;1150 kg;;;Macpherson;Semi Rigide;Thermique;"<i style=""color:#A5A5A5"">NC</i>";145/65 R 15;175/55 R 15
Renault;Twingo;2020;21350 €;82 ch;160 Nm;12.9 secondes;135 km/h;Arrière;82 ch;A excitation (synchrone);160 Nm;;;;;;;;;22 kWh;"<i style=""color:#A5A5A5"">NC</i>";Type 2;Non;22 kW;0 kW;Air;;;;;;190 km;16 kWh/100km;Oui;;Propulsion;1;3.615 m;2.492 m;1.541 m;1.646 m;240 Litres;1168 kg;;;Macpherson;Essieu De Dion;Thermique;"<i style=""color:#A5A5A5"">NC</i>";165/65 R 15;185/60 R 15
Renault;Zoe;2012;22400 €;88 ch;220 Nm;13.5 secondes;135 km/h;Avant;88 ch;A excitation (synchrone);220 Nm;;;;;;;;;22 kWh;"<i style=""color:#A5A5A5"">NC</i>";Type 2;Non;43 kW;0 kW;Air;;;;;;210 km;"<i style=""color:#A5A5A5"">NC</i>";Oui;;Traction;1;4.084 m;2.588 m;1.562 m;1.73 m;338 Litres;1468 kg;;;Macpherson;Semi Rigide;Thermique;"<i style=""color:#A5A5A5"">NC</i>";185/65 R 15;
Renault;Zoe;2016;23700 €;77 ch;210 Nm;15.5 secondes;135 km/h;Avant;77 ch;A excitation (synchrone);210 Nm;;;;;;;;;41 kWh;"<i style=""color:#A5A5A5"">NC</i>";Type 2;Non;22 kW;0 kW;Air;;;;;;400 km;"<i style=""color:#A5A5A5"">NC</i>";Oui;;Traction;1;4.084 m;2.588 m;1.562 m;1.73 m;338 Litres;1480 kg;;;Macpherson;Semi Rigide;Thermique;"<i style=""color:#A5A5A5"">NC</i>";185/65 R 15;
Renault;Zoe;2016;24200 €;88 ch;220 Nm;13.2 secondes;135 km/h;Avant;88 ch;A excitation (synchrone);220 Nm;;;;;;;;;41 kWh;"<i style=""color:#A5A5A5"">NC</i>";Type 2;Non;43 kW;0 kW;Air;;;;;;300 km;"<i style=""color:#A5A5A5"">NC</i>";Oui;;Traction;1;4.084 m;2.588 m;1.562 m;1.73 m;338 Litres;1480 kg;;;Macpherson;Semi Rigide;Thermique;"<i style=""color:#A5A5A5"">NC</i>";205/45 R 17;
Renault;Zoe;2016;23200 €;92 ch;220 Nm;13.2 secondes;135 km/h;Avant;92 ch;A excitation (synchrone);220 Nm;;;;;;;;;41 kWh;"<i style=""color:#A5A5A5"">NC</i>";Type 2;Non;22 kW;0 kW;Air;;;;;;317 km;"<i style=""color:#A5A5A5"">NC</i>";Oui;;Traction;1;4.084 m;2.588 m;1.562 m;1.73 m;338 Litres;1480 kg;;;Macpherson;Semi Rigide;Thermique;"<i style=""color:#A5A5A5"">NC</i>";205/45 R 17;
Renault;Zoe;2016;26800 €;108 ch;225 Nm;11.4 secondes;135 km/h;Avant;108 ch;A excitation (synchrone);225 Nm;;;;;;;;;41 kWh;"<i style=""color:#A5A5A5"">NC</i>";Type 2;Non;22 kW;0 kW;Air;;;;;;300 km;"<i style=""color:#A5A5A5"">NC</i>";Oui;;Traction;1;4.084 m;2.588 m;1.562 m;1.73 m;338 Litres;1500 kg;;;Macpherson;Semi Rigide;Thermique;"<i style=""color:#A5A5A5"">NC</i>";205/45 R 17;
Seat;Mii;2019;21920 €;83 ch;212 Nm;12.3 secondes;130 km/h;Avant;83 ch;Aimant permanent (synchrone);212 Nm;;;;;;;;;32.3 kWh;"<i style=""color:#A5A5A5"">NC</i>";Type 2;CCS Combo;7.4 kW;50 kW;Air;;35 min. à 50 kW;11h16 à 2.3 kW;8h38 à 3 kW;3h30 à 7.4 kW;258 km;14.5 kWh/100km;Non;;Traction;1;3.557 m;2.42 m;1.478 m;1.645 m;251 Litres;1235 kg;;;Macpherson;Semi Rigide;Thermique;"<i style=""color:#A5A5A5"">NC</i>";165/65 R 15;
Smart;Fortwo;2018;27350 €;82 ch;160 Nm;11.5 secondes;130 km/h;Arrière;"<i style=""color:#A5A5A5"">NC</i>";Aimant permanent (synchrone);"<i style=""color:#A5A5A5"">NC</i>";;;;;;;;;17.6 kWh;"<i style=""color:#A5A5A5"">NC</i>";Type 2;Non;3.7 kW;22 kW;0 kW;Air;;;;;135 km;16.1 kWh/100km;Non;;Propulsion;0;2.7 m;1.87 m;1.56 m;1.66 m;260 Litres;1160 kg;;;Macpherson;De Dion;Thermique;"<i style=""color:#A5A5A5"">NC</i>";165/65 R 15;185/60 R 15
Volkswagen;E-Up!;2013;27860 €;82 ch;210 Nm;12.4 secondes;130 km/h;Avant;82 ch;Aimant permanent (synchrone);210 Nm;;;;;;;;;18.7 kWh;"<i style=""color:#A5A5A5"">NC</i>";Type 2;CCS Combo;3.6 kW;50 kW;Air;;21 min. à 50 kW;6h41 à 2.3 kW;5h08 à 3 kW;4h17 à 3.6 kW;160 km;"<i style=""color:#A5A5A5"">NC</i>";Non;;Traction;1;3.54 m;2.42 m;1.477 m;1.645 m;250 Litres;1214 kg;;;Macpherson;Semi Rigide;Thermique;"<i style=""color:#A5A5A5"">NC</i>";165/65 R 15;
Volkswagen;E-Up!;2019;23440 €;83 ch;212 Nm;11.9 secondes;130 km/h;Avant;83 ch;Aimant permanent (synchrone);212 Nm;;;;;;;;;32.3 kWh;"<i style=""color:#A5A5A5"">NC</i>";Type 2;CCS Combo;7.4 kW;40 kW;Air;;41 min. à 40 kW;11h16 à 2.3 kW;8h38 à 3 kW;3h30 à 7.4 kW;258 km;14.5 kWh/100km;Non;;Traction;1;3.6 m;2.417 m;1.507 m;1.645 m;251 Litres;1235 kg;;;Macpherson;Semi Rigide;Thermique;"<i style=""color:#A5A5A5"">NC</i>";165/65 R 15;
Aiways;U5;2021;39300 €;204 ch;310 Nm;7.8 secondes;160 km/h;Avant;204 ch;Aimant permanent (synchrone);310 Nm;;;;;;;;;63 kWh;"<i style=""color:#A5A5A5"">NC</i>";Type 2;CCS Combo;6.6 kW;90 kW;Liquide;;38 min. à 90 kW;22h11 à 2.3 kW;17h01 à 3 kW;7h44 à 6.6 kW;410 km;16.8 kWh/100km;Non;;Traction;1;4.68 m;2.8 m;1.7 m;1.865 m;472 Litres;1795 kg;40/432 Litres;;Macpherson;Multibras;Thermique;"<i style=""color:#A5A5A5"">NC</i>";235/50 R 19;
BMW;i3;2013;35490 €;170 ch;250 Nm;7.2 secondes;150 km/h;Arrière;170 ch;Aimant permanent (synchrone);250 Nm;;;;;;;;;22.2 kWh;18.8 kWh;Type 2;CCS Combo;7.4 kW;50 kW;Liquide;;29 min. à 50 kW;7h45 à 2.3 kW;5h56 à 3 kW;2h24 à 7.4 kW;190 km;"<i style=""color:#A5A5A5"">NC</i>";En option;;Propulsion;1;3.999 m;2.57 m;1.578 m;1.775 m;260 Litres;1345 kg;;;Macpherson;Multibras;Electrique;"<i style=""color:#A5A5A5"">NC</i>";175/60 R19 (Ar);
BMW;i3;2017;38736 €;170 ch;250 Nm;7.3 secondes;150 km/h;Arrière;170 ch;Aimant permanent (synchrone);250 Nm;;;;;;;;;33 kWh;27.2 kWh;Type 2;CCS Combo;7.4 kW;50 kW;Liquide;;42 min. à 50 kW;11h37 à 2.3 kW;8h55 à 3 kW;3h37 à 7.4 kW;260 km;"<i style=""color:#A5A5A5"">NC</i>";En option;;Propulsion;1;4.006 m;2.57 m;1.6 m;1.775 m;260 Litres;1345 kg;;;Macpherson;Multibras;Electrique;"<i style=""color:#A5A5A5"">NC</i>";175/60 R19 (Ar);
BMW;i3;2019;39950 €;170 ch;250 Nm;7.3 secondes;150 km/h;Arrière;170 ch;Aimant permanent (synchrone);250 Nm;;;;;;;;;42.2 kWh;37.9 kWh;Type 2;CCS Combo;7.4 kW;50 kW;Liquide;;52 min. à 50 kW;14h47 à 2.3 kW;11h20 à 3 kW;4h36 à 7.4 kW;305 km;15.4 kWh/100km;Non;;Propulsion;1;4.011 m;2.57 m;1.577 m;1.775 m;260 Litres;1345 kg;;;Macpherson;Multibras;Electrique;"<i style=""color:#A5A5A5"">NC</i>";175/60 R19 (Ar);
Citroen;E-Berlingo;2021;35300 €;136 ch;260 Nm;11.2 secondes;130 km/h;Avant;136 ch;Aimant permanent (synchrone);260 Nm;;;;;;;;;50 kWh;46 kWh;Type 2;CCS Combo;7.4 kW;11 kW;100 kW;Liquide;33 min. à 100 kW;17h37 à 2.3 kW;13h30 à 3 kW;5h28 à 7.4 kW;280 km;"<i style=""color:#A5A5A5"">NC</i>";Oui;;Traction;1;4.403 m;2.785 m;1.874 m;1.848 m;597 Litres;1738 kg;;;Macpherson;Semi-rigide;Thermique;E-CMP;205/60 R 16;
Citroen;E-Berlingo;2021;39150 €;136 ch;260 Nm;11.2 secondes;130 km/h;Avant;136 ch;Aimant permanent (synchrone);260 Nm;;;;;;;;;50 kWh;46 kWh;Type 2;CCS Combo;7.4 kW;11 kW;100 kW;Liquide;33 min. à 100 kW;17h37 à 2.3 kW;13h30 à 3 kW;5h28 à 7.4 kW;274 km;"<i style=""color:#A5A5A5"">NC</i>";Oui;;Traction;1;4.753 m;2.975 m;1.874 m;1.848 m;850 Litres;1817 kg;;;Macpherson;Semi-rigide;Thermique;E-CMP;205/60 R 16;
Citroen;Ë-C4;2020;34800 €;136 ch;260 Nm;9.4 secondes;150 km/h;Avant;136 ch;Aimant permanent (synchrone);260 Nm;;;;;;;;;50 kWh;46 kWh;Type 2;CCS Combo;7.4 kW;11 kW;100 kW;Liquide;33 min. à 100 kW;17h37 à 2.3 kW;13h30 à 3 kW;5h28 à 7.4 kW;350 km;15.9 kWh/100km;En option;;Traction;1;4.36 m;2.67 m;1.525 m;1.8 m;380 Litres;1616 kg;;;Macpherson;Semi-rigide + Panhard;Thermique;"<i style=""color:#A5A5A5"">NC</i>";215/65 R 16;
DS;DS3;2020;39200 €;136 ch;260 Nm;8.7 secondes;150 km/h;Avant;136 ch;Aimant permanent (synchrone);260 Nm;;;;;;;;;50 kWh;46 kWh;Type 2;CCS Combo;7.4 kW;11 kW;100 kW;Liquide;33 min. à 100 kW;17h37 à 2.3 kW;13h30 à 3 kW;5h28 à 7.4 kW;320 km;"<i style=""color:#A5A5A5"">NC</i>";Oui;;Traction;1;4.118 m;2.558 m;1.534 m;1.77 m;350 Litres;1600 kg;;;Macpherson;Semi-rigide + Panhard;Thermique;E-CMP;215/60 R 17;
Honda;Honda-e;2019;35000 €;136 ch;315 Nm;9 secondes;145 km/h;Arrière;136 ch;Aimant permanent (synchrone);315 Nm;;;;;;;;;35.5 kWh;28.5 kWh;Type 2;CCS Combo;6.6 kW;50 kW;Liquide;;40 min. à 50 kW;12h41 à 2.3 kW;9h43 à 3 kW;4h25 à 6.6 kW;222 km;17.2 kWh/100km;Non;;Propulsion;1;3.894 m;2.538 m;1.512 m;1.752 m;171 Litres;1513 kg;;;Macpherson;Multibras;Electrique;"<i style=""color:#A5A5A5"">NC</i>";185/60 R 16;205/55 R 16
Honda;Honda-e;2019;38000 €;154 ch;315 Nm;8.3 secondes;145 km/h;Arrière;154 ch;Aimant permanent (synchrone);315 Nm;;;;;;;;;35.5 kWh;28.5 kWh;Type 2;CCS Combo;6.6 kW;50 kW;Liquide;;40 min. à 50 kW;12h41 à 2.3 kW;9h43 à 3 kW;4h25 à 6.6 kW;210 km;17.8 kWh/100km;Non;;Propulsion;1;3.894 m;2.538 m;1.512 m;1.752 m;171 Litres;1520 kg;;;Macpherson;Multibras;Electrique;"<i style=""color:#A5A5A5"">NC</i>";185/60 R 16;205/55 R 16
Hyundai;Ioniq;2016;35850 €;120 ch;295 Nm;9.9 secondes;165 km/h;Avant;120 ch;Aimant permanent (synchrone);295 Nm;;;;;;;;;31 kWh;28 kWh;Type 2;CCS Combo;6.6 kW;70 kW;Air;;29 min. à 70 kW;10h55 à 2.3 kW;8h22 à 3 kW;3h48 à 6.6 kW;280 km;11.5 kWh/100km;Oui;;Traction;1;4.47 m;2.7 m;1.445 m;1.72 m;350 Litres;1495 kg;;;Macpherson;Multibras;Thermique;"<i style=""color:#A5A5A5"">NC</i>";205/55 R 16;
Hyundai;Ioniq;2020;34900 €;136 ch;295 Nm;9.9 secondes;165 km/h;Avant;136 ch;Aimant permanent (synchrone);295 Nm;;;;;;;;;41 kWh;38.3 kWh;Type 2;CCS Combo;7.2 kW;44 kW;Liquide;;58 min. à 44 kW;14h26 à 2.3 kW;11h04 à 3 kW;4h37 à 7.2 kW;311 km;13.8 kWh/100km;Oui;;Traction;1;4.47 m;2.7 m;1.445 m;1.72 m;357 Litres;1602 kg;;;Macpherson;Multibras;Thermique;"<i style=""color:#A5A5A5"">NC</i>";205/55 R 16;
Hyundai;Kona;2018;39100 €;136 ch;395 Nm;9.7 secondes;155 km/h;Avant;136 ch;Aimant permanent (synchrone);395 Nm;;;;;;;;;41 kWh;39.2 kWh;Type 2;CCS Combo;7.2 kW;50 kW;Liquide;;51 min. à 50 kW;14h26 à 2.3 kW;11h04 à 3 kW;4h37 à 7.2 kW;289 km;15 kWh/100km;Oui;;Traction;1;4.18 m;2.6 m;1.57 m;1.8 m;332 Litres;1610 kg;;;Macpherson;Multibras;Thermique;"<i style=""color:#A5A5A5"">NC</i>";215/55 R 17;
Hyundai;Kona;2021;35100 €;136 ch;395 Nm;9.9 secondes;155 km/h;Avant;136 ch;Aimant permanent (synchrone);395 Nm;;;;;;;;;41 kWh;39.2 kWh;Type 2;CCS Combo;7.2 kW;50 kW;Liquide;;51 min. à 50 kW;14h26 à 2.3 kW;11h04 à 3 kW;4h37 à 7.2 kW;305 km;14.3 kWh/100km;Oui;;Traction;1;4.18 m;2.6 m;1.57 m;1.8 m;332 Litres;1610 kg;;;Macpherson;Multibras;Thermique;"<i style=""color:#A5A5A5"">NC</i>";215/55 R 17;
Hyundai;Kona;2021;39900 €;204 ch;395 Nm;7.9 secondes;167 km/h;Avant;204 ch;Aimant permanent (synchrone);395 Nm;;;;;;;;;67 kWh;64 kWh;Type 2;CCS Combo;7.2 kW;77 kW;Liquide;;54 min. à 77 kW;23h36 à 2.3 kW;18h05 à 3 kW;7h32 à 7.2 kW;484 km;14.7 kWh/100km;Oui;;Traction;1;4.18 m;2.6 m;1.57 m;1.8 m;332 Litres;1760 kg;;;Macpherson;Multibras;Thermique;"<i style=""color:#A5A5A5"">NC</i>";215/55 R 17;
Kia;E-Niro;2018;37100 €;136 ch;395 Nm;9.8 secondes;155 km/h;Avant;136 ch;Aimant permanent (synchrone);395 Nm;;;;;;;;;41 kWh;39.2 kWh;Type 2;CCS Combo;7.2 kW;50 kW;Liquide;;51 min. à 50 kW;14h26 à 2.3 kW;11h04 à 3 kW;4h37 à 7.2 kW;289 km;15.3 kWh/100km;Oui;;Traction;1;4.375 m;2.7 m;1.57 m;1.81 m;451 Litres;1687 kg;;;Macpherson;Multibras;Thermique;"<i style=""color:#A5A5A5"">NC</i>";215/55 R 17;
Kia;E-Soul;2019;37200 €;136 ch;395 Nm;9.9 secondes;155 km/h;Avant;136 ch;Aimant permanent (synchrone);395 Nm;;;;;;;;;41 kWh;39.2 kWh;Type 2;CCS Combo;7.4 kW;11 kW;50 kW;Liquide;51 min. à 50 kW;14h26 à 2.3 kW;11h04 à 3 kW;4h29 à 7.4 kW;277 km;14.5 kWh/100km;Non;;Traction;1;4.195 m;2.6 m;1.605 m;1.8 m;224 Litres;1593 kg;;;Macpherson;Multibras;Thermique;"<i style=""color:#A5A5A5"">NC</i>";215/55 R 17;
Kia;Soul;2014;35400 €;110 ch;285 Nm;11.2 secondes;145 km/h;Avant;110 ch;Aimant permanent (synchrone);285 Nm;;;;;;;;;28 kWh;27 kWh;Type 2;Chademo;6.6 kW;80 kW;Air;;30 min. à 80 kW;9h52 à 2.3 kW;7h34 à 3 kW;3h26 à 6.6 kW;212 km;"<i style=""color:#A5A5A5"">NC</i>";Oui;;Traction;1;4.14 m;2.57 m;1.593 m;1.8 m;281 Litres;1565 kg;;;Macpherson;Multibras;Thermique;"<i style=""color:#A5A5A5"">NC</i>";205/60 R 16;
Kia;Soul;2017;36900 €;110 ch;285 Nm;11.3 secondes;145 km/h;Avant;110 ch;Aimant permanent (synchrone);285 Nm;;;;;;;;;32 kWh;30 kWh;Type 2;Chademo;6.6 kW;80 kW;Air;;26 min. à 80 kW;11h16 à 2.3 kW;8h38 à 3 kW;3h56 à 6.6 kW;250 km;"<i style=""color:#A5A5A5"">NC</i>";Oui;;Traction;1;4.14 m;2.57 m;1.593 m;1.8 m;281 Litres;1575 kg;;;Macpherson;Multibras;Thermique;"<i style=""color:#A5A5A5"">NC</i>";205/60 R 16;
Mazda;MX-30;2020;33900 €;145 ch;271 Nm;9.7 secondes;140 km/h;Avant;145 ch;Aimant permanent (synchrone);271 Nm;;;;;;;;;35.5 kWh;"<i style=""color:#A5A5A5"">NC</i>";Type 2;CCS Combo;6.6 kW;50 kW;Liquide;;39 min. à 50 kW;12h41 à 2.3 kW;9h43 à 3 kW;4h25 à 6.6 kW;200 km;19 kWh/100km;Oui;;Traction;1;4.395 m;2.66 m;1.555 m;1.8 m;366 Litres;1720 kg;;;Macpherson;Semi Rigide;Thermique;"<i style=""color:#A5A5A5"">NC</i>";215/55 R 18;
MG;Marvel;2022;39490 €;180 ch;410 Nm;7.9 secondes;200 km/h;Arrière;71 ch;Aimant permanent (synchrone);155 Nm;Arrière;109 ch;Aimant permanent (synchrone);255 Nm;;;;;70 kWh;66 kWh;Type 2;CCS Combo;11 kW;92 kW;Liquide;;47 min. à 92 kW;24h39 à 2.3 kW;18h54 à 3 kW;5h09 à 11 kW;402 km;19.41 kWh/100km;En option;;Propulsion;2;4.674 m;2.804 m;1.613 m;1.919 m;507 Litres;1885 kg;150/357 Litres;;Macpherson;Multibras;Electrique;"<i style=""color:#A5A5A5"">NC</i>";215/55 R 18;235/50 R 18
MG;MG5;2022;32490 €;130 ch;280 Nm;8.3 secondes;185 km/h;Avant;130 ch;Aimant permanent (synchrone);280 Nm;;;;;;;;;50.3 kWh;48 kWh;Type 2;CCS Combo;11 kW;70 kW;Liquide;;56 min. à 70 kW;17h37 à 2.3 kW;13h30 à 3 kW;3h41 à 11 kW;320 km;17.9 kWh/100km;Non;;Traction;1;4.6 m;2.659 m;1.543 m;1.811 m;479 Litres;1637 kg;;;Macpherson;Semi Rigide;Thermique;"<i style=""color:#A5A5A5"">NC</i>";205/60 R 16 ;
MG;MG5;2022;35490 €;115 ch;280 Nm;8.3 secondes;185 km/h;Avant;115 ch;Aimant permanent (synchrone);280 Nm;;;;;;;;;61.1 kWh;59 kWh;Type 2;CCS Combo;11 kW;87 kW;Liquide;;55 min. à 87 kW;21h29 à 2.3 kW;16h28 à 3 kW;4h30 à 11 kW;400 km;17.5 kWh/100km;Non;;Traction;1;4.6 m;2.659 m;1.543 m;1.811 m;479 Litres;1637 kg;;;Macpherson;Semi Rigide;Thermique;"<i style=""color:#A5A5A5"">NC</i>";215/50 R 17 ;
MG;ZS;2021;30990 €;177 ch;280 Nm;8.6 secondes;175 km/h;Avant;177 ch;Aimant permanent (synchrone);280 Nm;;;;;;;;;51 kWh;"<i style=""color:#A5A5A5"">NC</i>";Type 2;CCS Combo;6.6 kW;90 kW;Liquide;;31 min. à 90 kW;17h58 à 2.3 kW;13h46 à 3 kW;6h16 à 6.6 kW;320 km;17.3 kWh/100km;Non;;Traction;1;4.323 m;2.581 m;1.649 m;1.809 m;488 Litres;1645 kg;;;Macpherson;Semi Rigide;Thermique;"<i style=""color:#A5A5A5"">NC</i>";215/55 R 17;
MG;ZS;2021;34990 €;156 ch;280 Nm;8.6 secondes;175 km/h;Avant;156 ch;Aimant permanent (synchrone);280 Nm;;;;;;;;;72 kWh;"<i style=""color:#A5A5A5"">NC</i>";Type 2;CCS Combo;11 kW;90 kW;Liquide;;41 min. à 90 kW;25h21 à 2.3 kW;19h26 à 3 kW;5h18 à 11 kW;440 km;17.8 kWh/100km;Non;;Traction;1;4.323 m;2.581 m;1.649 m;1.809 m;488 Litres;1695 kg;;;Macpherson;Semi Rigide;Thermique;"<i style=""color:#A5A5A5"">NC</i>";215/55 R 17;
Mini;Mini;2019;37600 €;184 ch;270 Nm;7.3 secondes;150 km/h;Avant;184 ch;Aimant permanent (synchrone);270 Nm;;;;;;;;;32.6 kWh;28.9 kWh;Type 2;CCS Combo;11 kW;50 kW;;;42 min. à 50 kW;11h37 à 2.3 kW;8h55 à 3 kW;2h26 à 11 kW;234 km;15.2 kWh/100km;Oui;;Traction;1;3.85 m;2.495 m;1.432 m;1.727 m;211 Litres;1440 kg;;;Macpherson;Multibras;Thermique;"<i style=""color:#A5A5A5"">NC</i>";195/55 R 16;
Nissan;Leaf;2013;31320 €;109 ch;254 Nm;11.5 secondes;144 km/h;Avant;109 ch;A excitation (synchrone);254 Nm;;;;;;;;;30 kWh;"<i style=""color:#A5A5A5"">NC</i>";Type 2;Chademo;6.6 kW;50 kW;Air;;33 min. à 50 kW;10h34 à 2.3 kW;8h06 à 3 kW;3h41 à 6.6 kW;250 km;15 kWh/100km;Oui;;Traction;1;4.445 m;2.7 m;1.55 m;1.77 m;370 Litres;1525 kg;;;Macpherson;Semi Rigide;Thermique;"<i style=""color:#A5A5A5"">NC</i>";205/55 R 16;
Nissan;Leaf;2017;35400 €;150 ch;320 Nm;7.9 secondes;144 km/h;Avant;150 ch;Aimant permanent (synchrone);320 Nm;;;;;;;;;40 kWh;37.5 kWh;Type 2;Chademo;6.6 kW;50 kW;Air;;50 min. à 50 kW;14h05 à 2.3 kW;10h48 à 3 kW;4h55 à 6.6 kW;270 km;20.6 kWh/100km;Oui;;Traction;1;4.49 m;2.7 m;1.54 m;1.788 m;435 Litres;1580 kg;;;Macpherson;Semi Rigide;Thermique;"<i style=""color:#A5A5A5"">NC</i>";205/55 R 16;
Opel;Corsa-e;2019;31600 €;136 ch;260 Nm;8.1 secondes;150 km/h;Avant;136 ch;Aimant permanent (synchrone);260 Nm;;;;;;;;;50 kWh;46 kWh;Type 2;CCS Combo;7.4 kW;11 kW;100 kW;Liquide;33 min. à 100 kW;17h37 à 2.3 kW;13h30 à 3 kW;5h28 à 7.4 kW;322 km;17 kWh/100km;Oui;;Traction;1;4.06 m;2.538 m;1.433 m;1.75 m;309 Litres;1530 kg;;;Macpherson;Semi-rigide + Panhard;Thermique;E-CMP;185/65 R 16;
Opel;Mokka-e;2019;36900 €;136 ch;260 Nm;9.1 secondes;150 km/h;Avant;136 ch;Aimant permanent (synchrone);260 Nm;;;;;;;;;50 kWh;46 kWh;Type 2;CCS Combo;7.4 kW;11 kW;100 kW;Liquide;33 min. à 100 kW;17h37 à 2.3 kW;13h30 à 3 kW;5h28 à 7.4 kW;342 km;17.4 kWh/100km;Oui;;Traction;1;4.151 m;2.557 m;1.532 m;1.77 m;392 Litres;1598 kg;;;Macpherson;Semi-rigide + Panhard;Thermique;E-CMP;215/65 R 16;
Peugeot;e-2008;2019;37850 €;136 ch;260 Nm;9 secondes;150 km/h;Avant;136 ch;Aimant permanent (synchrone);260 Nm;;;;;;;;;50 kWh;46 kWh;Type 2;CCS Combo;7.4 kW;11 kW;100 kW;Liquide;33 min. à 100 kW;17h37 à 2.3 kW;13h30 à 3 kW;5h28 à 7.4 kW;320 km;17.2 kWh/100km;Oui;;Traction;1;4.3 m;2.605 m;1.55 m;1.77 m;405 Litres;1548 kg;;;Macpherson;Semi-rigide + Panhard;Thermique;E-CMP;215/65 R 16;
Peugeot;e-208;2019;32700 €;136 ch;260 Nm;8.3 secondes;150 km/h;Avant;136 ch;Aimant permanent (synchrone);260 Nm;;;;;;;;;50 kWh;46 kWh;Type 2;CCS Combo;7.4 kW;11 kW;100 kW;Liquide;33 min. à 100 kW;17h37 à 2.3 kW;13h30 à 3 kW;5h28 à 7.4 kW;340 km;16.4 kWh/100km;Oui;;Traction;1;4.055 m;2.54 m;1.43 m;1.745 m;309 Litres;1530 kg;;;Macpherson;Semi-rigide + Panhard;Thermique;E-CMP;195/55 R 16;
Peugeot;e-208;2023;34800 €;156 ch;260 Nm;8.2 secondes;150 km/h;Avant;156 ch;Aimant permanent (synchrone);260 Nm;;;;;;;;;51 kWh;48.1 kWh;Type 2;CCS Combo;7.4 kW;11 kW;100 kW;Liquide;33 min. à 100 kW;17h58 à 2.3 kW;13h46 à 3 kW;5h35 à 7.4 kW;398 km;"<i style=""color:#A5A5A5"">NC</i>";Oui;;Traction;1;4.055 m;2.54 m;1.43 m;1.745 m;309 Litres;1530 kg;;;Macpherson;Semi-rigide + Panhard;Thermique;E-CMP;195/55 R 16;
Peugeot;E-Rifter;2021;36400 €;136 ch;260 Nm;11.2 secondes;130 km/h;Avant;136 ch;Aimant permanent (synchrone);260 Nm;;;;;;;;;50 kWh;46 kWh;Type 2;CCS Combo;7.4 kW;11 kW;100 kW;Liquide;33 min. à 100 kW;17h37 à 2.3 kW;13h30 à 3 kW;5h28 à 7.4 kW;282 km;"<i style=""color:#A5A5A5"">NC</i>";Oui;;Traction;1;4.403 m;2.785 m;1.874 m;1.848 m;597 Litres;1743 kg;;;Macpherson;Semi-rigide;Thermique;E-CMP;215/65 R 16;
Renault;Megane;2022;35200 €;130 ch;250 Nm;10 secondes;150 km/h;Avant;130 ch;A excitation (synchrone);250 Nm;;;;;;;;;42 kWh;40 kWh;Type 2;CCS Combo;7.4 kW;22 kW;0 kW;85 kW;41 min. à 85 kW;14h47 à 2.3 kW;11h20 à 3 kW;4h36 à 7.4 kW;300 km;15.8 kWh/100km;En option;;Traction;1;4.2 m;2.685 m;1.505 m;1.768 m;440 Litres;1513 kg;;;Macpherson;Multibras;Thermique;CMF-EV ;195/60 R 18;
Renault;Zoe;2019;32000 €;108 ch;225 Nm;11.4 secondes;135 km/h;Avant;108 ch;A excitation (synchrone);225 Nm;;;;;;;;;52 kWh;"<i style=""color:#A5A5A5"">NC</i>";Type 2;CCS Combo;22 kW;0 kW;50 kW;Air;53 min. à 50 kW;18h19 à 2.3 kW;14h02 à 3 kW;1h55 à 22 kW;395 km;17.2 kWh/100km;Oui;;Traction;1;4.087 m;2.588 m;1.562 m;1.787 m;338 Litres;1502 kg;;;Macpherson;Semi Rigide;Thermique;"<i style=""color:#A5A5A5"">NC</i>";185/65 R 15;
Renault;Zoe;2019;34600 €;135 ch;245 Nm;9.5 secondes;140 km/h;Avant;135 ch;A excitation (synchrone);245 Nm;;;;;;;;;52 kWh;"<i style=""color:#A5A5A5"">NC</i>";Type 2;CCS Combo;22 kW;0 kW;50 kW;Air;53 min. à 50 kW;18h19 à 2.3 kW;14h02 à 3 kW;1h55 à 22 kW;386 km;17.7 kWh/100km;Oui;;Traction;1;4.087 m;2.588 m;1.562 m;1.787 m;338 Litres;1502 kg;;;Macpherson;Semi Rigide;Thermique;"<i style=""color:#A5A5A5"">NC</i>";195/55 R 16;
Skoda;Enyaq;2021;37930 €;150 ch;310 Nm;11.3 secondes;160 km/h;Arrière;150 ch;Aimant permanent (synchrone);310 Nm;;;;;;;;;55 kWh;52 kWh;Type 2;CCS Combo;7.2 kW;110 kW;Liquide;;33 min. à 110 kW;19h22 à 2.3 kW;14h51 à 3 kW;6h11 à 7.2 kW;362 km;15.2 kWh/100km;Non;;Propulsion;1;4.649 m;2.765 m;1.616 m;1.879 m;585 Litres;1862 kg;;;Macpherson;Multibras;Electrique;MEB;235/60 R 18;
Volkswagen;E-Golf;2014;30490 €;115 ch;270 Nm;10.4 secondes;140 km/h;Avant;115 ch;Aimant permanent (synchrone);270 Nm;;;;;;;;;24.2 kWh;"<i style=""color:#A5A5A5"">NC</i>";Type 2;CCS Combo;3.6 kW;40 kW;Air;;33 min. à 40 kW;8h27 à 2.3 kW;6h29 à 3 kW;5h24 à 3.6 kW;190 km;"<i style=""color:#A5A5A5"">NC</i>";En option;;Traction;1;4.27 m;2.63 m;1.45 m;1.8 m;341 Litres;1510 kg;;;Macpherson;Multibras;Thermique;"<i style=""color:#A5A5A5"">NC</i>";205/55 R 16;
Volkswagen;E-Golf;2014;39400 €;136 ch;290 Nm;9.6 secondes;150 km/h;Avant;136 ch;Aimant permanent (synchrone);290 Nm;;;;;;;;;32 kWh;"<i style=""color:#A5A5A5"">NC</i>";Type 2;CCS Combo;7.4 kW;40 kW;Air;;41 min. à 40 kW;11h16 à 2.3 kW;8h38 à 3 kW;3h30 à 7.4 kW;230 km;"<i style=""color:#A5A5A5"">NC</i>";En option;;Traction;1;4.27 m;2.63 m;1.45 m;1.8 m;341 Litres;1540 kg;;;Macpherson;Multibras;Thermique;"<i style=""color:#A5A5A5"">NC</i>";205/55 R 16;
Volkswagen;ID3;2022;34300 €;150 ch;310 Nm;8.9 secondes;160 km/h;Arrière;150 ch;Aimant permanent (synchrone);310 Nm;;;;;;;;;49 kWh;45 kWh;Type 2;CCS Combo;7.2 kW;50 kW;110 kW;Liquide;61 min. à 50 kW;17h15 à 2.3 kW;13h14 à 3 kW;5h31 à 7.2 kW;350 km;14.9 kWh/100km;En option;;Propulsion;1;4.261 m;2.77 m;1.568 m;1.809 m;385 Litres;1706 kg;;;Macpherson;Multibras;Electrique;MEB;215/55 R 18;
Volkswagen;ID3;2020;39300 €;145 ch;275 Nm;9.6 secondes;160 km/h;Arrière;145 ch;Aimant permanent (synchrone);275 Nm;;;;;;;;;62 kWh;58 kWh;Type 2;CCS Combo;11 kW;120 kW;Liquide;;34 min. à 120 kW;21h50 à 2.3 kW;16h44 à 3 kW;4h34 à 11 kW;417 km;15.5 kWh/100km;En option;;Propulsion;1;4.261 m;2.77 m;1.568 m;1.809 m;385 Litres;1812 kg;;;Macpherson;Multibras;Electrique;MEB;215/55 R 18;
Audi;Q4;2021;42800 €;170 ch;310 Nm;9 secondes;160 km/h;Arrière;170 ch;Aimant permanent (synchrone);310 Nm;;;;;;;;;55 kWh;52 kWh;Type 2;CCS Combo;7.4 kW;110 kW;Liquide;;33 min. à 110 kW;19h22 à 2.3 kW;14h51 à 3 kW;6h01 à 7.4 kW;336 km;17.3 kWh/100km;En option;;Propulsion;1;4.588 m;2.764 m;1.632 m;1.865 m;535 Litres;1965 kg;;;Macpherson;Multibras;Electrique;MEB;235/55 R 19;255/50 R 19
Audi;Q4;2021;48700 €;204 ch;310 Nm;8.5 secondes;160 km/h;Arrière;204 ch;Aimant permanent (synchrone);310 Nm;;;;;;;;;82 kWh;77 kWh;Type 2;CCS Combo;11 kW;125 kW;Liquide;;41 min. à 125 kW / 42 min. à 120 kW;28h53 à 2.3 kW;22h08 à 3 kW;6h02 à 11 kW;513 km;17.6 kWh/100km;En option;;Propulsion;1;4.588 m;2.764 m;1.632 m;1.865 m;535 Litres;1965 kg;;;Macpherson;Multibras;Electrique;MEB;235/55 R 19;255/50 R 19
Audi;Q4;2021;44800 €;170 ch;310 Nm;9 secondes;160 km/h;Arrière;170 ch;Aimant permanent (synchrone);310 Nm;;;;;;;;;55 kWh;52 kWh;Type 2;CCS Combo;7.4 kW;110 kW;Liquide;;33 min. à 110 kW;19h22 à 2.3 kW;14h51 à 3 kW;6h01 à 7.4 kW;341 km;17 kWh/100km;En option;;Propulsion;1;4.588 m;2.764 m;1.614 m;1.865 m;535 Litres;1970 kg;;;Macpherson;Multibras;Electrique;MEB;235/55 R 19;255/50 R 19
BMW;i3;2017;42336 €;184 ch;270 Nm;6.9 secondes;160 km/h;Arrière;184 ch;Aimant permanent (synchrone);270 Nm;;;;;;;;;33 kWh;27.2 kWh;Type 2;CCS Combo;7.4 kW;50 kW;Liquide;;42 min. à 50 kW;11h37 à 2.3 kW;8h55 à 3 kW;3h37 à 7.4 kW;240 km;"<i style=""color:#A5A5A5"">NC</i>";En option;;Propulsion;1;4.006 m;2.57 m;1.59 m;1.775 m;260 Litres;1365 kg;;;Macpherson;Multibras;Electrique;"<i style=""color:#A5A5A5"">NC</i>";195/50 R20 (Ar);
BMW;i3;2019;42500 €;184 ch;270 Nm;6.9 secondes;160 km/h;Arrière;184 ch;Aimant permanent (synchrone);270 Nm;;;;;;;;;42.2 kWh;37.9 kWh;Type 2;CCS Combo;7.4 kW;50 kW;Liquide;;52 min. à 50 kW;14h47 à 2.3 kW;11h20 à 3 kW;4h36 à 7.4 kW;283 km;16.2 kWh/100km;En option;;Propulsion;1;4.011 m;2.57 m;1.577 m;1.775 m;260 Litres;1365 kg;;;Macpherson;Multibras;Electrique;"<i style=""color:#A5A5A5"">NC</i>";195/50 R20 (Ar);
Cupra;Born;2022;42700 €;204 ch;310 Nm;7.3 secondes;160 km/h;Arrière;204 ch;Aimant permanent (synchrone);310 Nm;;;;;;;;;62 kWh;58 kWh;Type 2;CCS Combo;11 kW;120 kW;Liquide;;34 min. à 120 kW;21h50 à 2.3 kW;16h44 à 3 kW;4h34 à 11 kW;424 km;15.5 kWh/100km;En option;;Propulsion;1;4.322 m;2.766 m;1.54 m;1.809 m;385 Litres;1736 kg;;;Macpherson;Multibras;Electrique;MEB;215/55 R 18;
Cupra;Born;2022;43990 €;231 ch;310 Nm;6.6 secondes;160 km/h;Arrière;231 ch;Aimant permanent (synchrone);310 Nm;;;;;;;;;62 kWh;58 kWh;Type 2;CCS Combo;11 kW;120 kW;Liquide;;34 min. à 120 kW;21h50 à 2.3 kW;16h44 à 3 kW;4h34 à 11 kW;417 km;16 kWh/100km;En option;;Propulsion;1;4.322 m;2.766 m;1.54 m;1.809 m;385 Litres;1749 kg;;;Macpherson;Multibras;Electrique;MEB;215/55 R 18;
Ford;Mustang;2020;48990 €;269 ch;430 Nm;6.9 secondes;180 km/h;Arrière;269 ch;Aimant permanent (synchrone);430 Nm;;;;;;;;;75.7 kWh;68 kWh;Type 2;CCS Combo;11 kW;115 kW;Liquide;;33 min. à 115 kW;26h46 à 2.3 kW;20h31 à 3 kW;5h36 à 11 kW;440 km;"<i style=""color:#A5A5A5"">NC</i>";En option;;Propulsion;1;4.713 m;2.98 m;1.597 m;1.881 m;600 Litres;1969 kg;81/519 Litres;;Macpherson;Multibras;Electrique;"<i style=""color:#A5A5A5"">NC</i>";225/60 R 18;
Hyundai;Ioniq;2021;43600 €;170 ch;350 Nm;8.5 secondes;185 km/h;Arrière;170 ch;Aimant permanent (synchrone);350 Nm;;;;;;;;;58 kWh;54 kWh;Type 2;CCS Combo;11 kW;175 kW;Liquide;;35 min. à 175 kW / 37 min. à 120 kW;20h26 à 2.3 kW;15h40 à 3 kW;4h16 à 11 kW;384 km;16.7 kWh/100km;En option;;Propulsion;1;4.635 m;3 m;1.647 m;1.89 m;584 Litres;1905 kg;57/527 Litres;;Macpherson;Multibras;Electrique;E-GMP;235/55 R 19;
Hyundai;Ioniq;2021;46800 €;218 ch;350 Nm;7.4 secondes;185 km/h;Arrière;218 ch;Aimant permanent (synchrone);350 Nm;;;;;;;;;72.6 kWh;70 kWh;Type 2;CCS Combo;11 kW;233 kW;Liquide;;33 min. à 233 kW / 39 min. à 120 kW;25h43 à 2.3 kW;19h43 à 3 kW;5h23 à 11 kW;481 km;16.8 kWh/100km;En option;;Propulsion;1;4.635 m;3 m;1.647 m;1.89 m;584 Litres;1985 kg;57/527 Litres;;Macpherson;Multibras;Electrique;E-GMP;235/55 R 19;
Hyundai;Ioniq;2022;49700 €;229 ch;350 Nm;7.3 secondes;185 km/h;Arrière;229 ch;Aimant permanent (synchrone);350 Nm;;;;;;;;;77.4 kWh;72.6 kWh;Type 2;CCS Combo;11 kW;233 kW;Liquide;;25 min. à 233 kW / 34 min. à 120 kW;27h07 à 2.3 kW;20h47 à 3 kW;5h40 à 11 kW;507 km;16.8 kWh/100km;En option;;Propulsion;1;4.635 m;3 m;1.647 m;1.89 m;584 Litres;2090 kg;57/527 Litres;;Macpherson;Multibras;Electrique;E-GMP;235/55 R 19;
Hyundai;Kona;2018;43900 €;204 ch;395 Nm;7.6 secondes;167 km/h;Avant;204 ch;Aimant permanent (synchrone);395 Nm;;;;;;;;;67 kWh;64 kWh;Type 2;CCS Combo;7.2 kW;77 kW;Liquide;;54 min. à 77 kW;23h36 à 2.3 kW;18h05 à 3 kW;7h32 à 7.2 kW;449 km;15.4 kWh/100km;Oui;;Traction;1;4.18 m;2.6 m;1.57 m;1.8 m;332 Litres;1760 kg;;;Macpherson;Multibras;Thermique;"<i style=""color:#A5A5A5"">NC</i>";215/55 R 17;
Kia;E-Niro;2018;41100 €;204 ch;395 Nm;7.8 secondes;167 km/h;Avant;204 ch;Aimant permanent (synchrone);395 Nm;;;;;;;;;67 kWh;64 kWh;Type 2;CCS Combo;7.2 kW;11 kW;77 kW;Liquide;54 min. à 77 kW;23h36 à 2.3 kW;18h05 à 3 kW;7h32 à 7.2 kW;455 km;15.9 kWh/100km;Oui;;Traction;1;4.375 m;2.7 m;1.57 m;1.81 m;451 Litres;1802 kg;;;Macpherson;Multibras;Thermique;"<i style=""color:#A5A5A5"">NC</i>";215/55 R 17;
Kia;E-Soul;2019;41300 €;204 ch;395 Nm;7.9 secondes;167 km/h;Avant;204 ch;Aimant permanent (synchrone);395 Nm;;;;;;;;;67 kWh;64 kWh;Type 2;CCS Combo;7.4 kW;11 kW;77 kW;Liquide;54 min. à 77 kW;23h36 à 2.3 kW;18h05 à 3 kW;7h20 à 7.4 kW;452 km;15.7 kWh/100km;Oui;;Traction;1;4.195 m;2.6 m;1.605 m;1.8 m;224 Litres;1758 kg;;;Macpherson;Multibras;Thermique;"<i style=""color:#A5A5A5"">NC</i>";215/55 R 17;
Kia;EV6;2021;43990 €;170 ch;350 Nm;8.5 secondes;185 km/h;Arrière;170 ch;Aimant permanent (synchrone);350 Nm;;;;;;;;;58 kWh;54 kWh;Type 2;CCS Combo;11 kW;175 kW;Liquide;;35 min. à 175 kW / 37 min. à 120 kW;20h26 à 2.3 kW;15h40 à 3 kW;4h16 à 11 kW;394 km;16.6 kWh/100km;Non;;Propulsion;1;4.68 m;2.9 m;1.55 m;1.88 m;542 Litres;1860 kg;52/490 Litres;;Macpherson;Multibras;Electrique;E-GMP;235/55 R 19;
Kia;EV6;2021;48690 €;229 ch;350 Nm;7.5 secondes;185 km/h;Arrière;229 ch;Aimant permanent (synchrone);350 Nm;;;;;;;;;77.4 kWh;72.5 kWh;Type 2;CCS Combo;11 kW;233 kW;Liquide;;25 min. à 233 kW / 34 min. à 120 kW;27h07 à 2.3 kW;20h47 à 3 kW;5h40 à 11 kW;528 km;16.6 kWh/100km;Non;;Propulsion;1;4.68 m;2.9 m;1.55 m;1.88 m;542 Litres;1985 kg;52/490 Litres;;Macpherson;Multibras;Electrique;E-GMP;235/55 R 19;
Kia;Niro;2022;44490 €;204 ch;255 Nm;7.8 secondes;167 km/h;Avant;204 ch;Aimant permanent (synchrone);255 Nm;;;;;;;;;68 kWh;64.8 kWh;Type 2;CCS Combo;11 kW;72 kW;Liquide;;59 min. à 72 kW;23h57 à 2.3 kW;18h22 à 3 kW;5h00 à 11 kW;463 km;16.2 kWh/100km;En option;;Traction;1;4.42 m;2.72 m;1.57 m;1.825 m;495 Litres;1757 kg;20/475 Litres;;Macpherson;Multibras;Thermique;"<i style=""color:#A5A5A5"">NC</i>";215/55 R 17;
Lexus;UX;2020;49990 €;204 ch;300 Nm;7.5 secondes;160 km/h;Avant;204 ch;Aimant permanent (synchrone);300 Nm;;;;;;;;;54.3 kWh;"<i style=""color:#A5A5A5"">NC</i>";Type 2;CCS Combo;6.6 kW;50 kW;Air;;55 min. à 50 kW;19h01 à 2.3 kW;14h35 à 3 kW;6h38 à 6.6 kW;313 km;16.9 kWh/100km;Non;;Traction;1;4.495 m;2.64 m;1.545 m;1.84 m;367 Litres;1785 kg;;;Macpherson;Multibras;Thermique;E-TNGA;215/60 R 17;
Mercedes;EQA;2021;49900 €;190 ch;375 Nm;8.9 secondes;160 km/h;Avant;"<i style=""color:#A5A5A5"">NC</i>";A induction (asynchrone);"<i style=""color:#A5A5A5"">NC</i>";;;;;;;;;79.8 kWh;66.5 kWh;Type 2;CCS Combo;11 kW;100 kW;Liquide;;40 min. à 100 kW;28h10 à 2.3 kW;21h36 à 3 kW;5h53 à 11 kW;426 km;17.7 kWh/100km;Oui;;Traction;1;4.463 m;2.729 m;1.62 m;1.834 m;340 Litres;2040 kg;;;Macpherson;Multibras;Thermique;MRA;235/55 R 18;
Nissan;Ariya;2021;46400 €;218 ch;300 Nm;7.5 secondes;160 km/h;Avant;218 ch;A excitation (synchrone);300 Nm;;;;;;;;;65 kWh;63 kWh;Type 2;CCS Combo;7.4 kW;130 kW;Liquide;;41 min. à 130 kW / 42 min. à 120 kW;22h53 à 2.3 kW;17h33 à 3 kW;7h07 à 7.4 kW;403 km;"<i style=""color:#A5A5A5"">NC</i>";En option;;Traction;1;4.595 m;2.775 m;1.65 m;1.85 m;468 Litres;1980 kg;;;Macpherson;Multibras;Thermique;CMF-EV ;235/55 R 19 ;
Nissan;Leaf;2019;43700 €;217 ch;340 Nm;7.3 secondes;157 km/h;Avant;217 ch;Aimant permanent (synchrone);340 Nm;;;;;;;;;62 kWh;56.5 kWh;Type 2;Chademo;6.6 kW;50 kW;Air;;77 min. à 50 kW;21h50 à 2.3 kW;16h44 à 3 kW;7h37 à 6.6 kW;385 km;18.5 kWh/100km;Oui;;Traction;1;4.49 m;2.7 m;1.54 m;1.788 m;435 Litres;1731 kg;;;Macpherson;Semi Rigide;Thermique;"<i style=""color:#A5A5A5"">NC</i>";205/55 R 16;
Peugeot;E-Rifter;2021;40500 €;136 ch;260 Nm;11.2 secondes;130 km/h;Avant;136 ch;Aimant permanent (synchrone);260 Nm;;;;;;;;;50 kWh;46 kWh;Type 2;CCS Combo;7.4 kW;11 kW;100 kW;Liquide;33 min. à 100 kW;17h37 à 2.3 kW;13h30 à 3 kW;5h28 à 7.4 kW;276 km;"<i style=""color:#A5A5A5"">NC</i>";Oui;;Traction;1;4.753 m;2.975 m;1.874 m;1.848 m;850 Litres;1822 kg;;;Macpherson;Semi-rigide;Thermique;E-CMP;215/65 R 16;
Renault;Megane;2022;40200 €;220 ch;300 Nm;7.4 secondes;160 km/h;Avant;220 ch;A excitation (synchrone);300 Nm;;;;;;;;;63 kWh;60 kWh;Type 2;CCS Combo;7.4 kW;22 kW;130 kW;Liquide;40 min. à 130 kW / 41 min. à 120 kW;22h11 à 2.3 kW;17h01 à 3 kW;6h54 à 7.4 kW;450 km;16.1 kWh/100km;En option;;Traction;1;4.2 m;2.685 m;1.505 m;1.768 m;440 Litres;1636 kg;;;Macpherson;Multibras;Thermique;CMF-EV ;195/60 R 18;
Skoda;Enyaq;2021;43200 €;180 ch;310 Nm;8.8 secondes;160 km/h;Arrière;180 ch;Aimant permanent (synchrone);310 Nm;;;;;;;;;62 kWh;58 kWh;Type 2;CCS Combo;11 kW;120 kW;Liquide;;34 min. à 120 kW;21h50 à 2.3 kW;16h44 à 3 kW;4h34 à 11 kW;412 km;14.6 kWh/100km;En option;;Propulsion;1;4.649 m;2.765 m;1.616 m;1.879 m;585 Litres;1917 kg;;;Macpherson;Multibras;Electrique;MEB;235/60 R 18;
Skoda;Enyaq;2021;49760 €;204 ch;310 Nm;8.7 secondes;160 km/h;Arrière;204 ch;Aimant permanent (synchrone);310 Nm;;;;;;;;;82 kWh;77 kWh;Type 2;CCS Combo;11 kW;135 kW;Liquide;;38 min. à 135 kW / 40 min. à 120 kW;28h53 à 2.3 kW;22h08 à 3 kW;6h02 à 11 kW;534 km;15.2 kWh/100km;En option;;Propulsion;1;4.649 m;2.765 m;1.616 m;1.879 m;585 Litres;2032 kg;;;Macpherson;Multibras;Electrique;MEB;235/55 R 19;255/50 R 19
Tesla;Model;2022;49990 €;276 ch;330 Nm;6.9 secondes;217 km/h;Arrière;276 ch;Aimant permanent + réluctance variable (synchrone);330 Nm;;;;;;;;;62 kWh;57.5 kWh;Type 2;CCS Combo;11 kW;170 kW;Liquide;;24 min. à 170 kW / 29 min. à 120 kW;21h50 à 2.3 kW;16h44 à 3 kW;4h34 à 11 kW;455 km;"<i style=""color:#A5A5A5"">NC</i>";Oui;;Propulsion;1;4.75 m;2.89 m;1.62 m;1.92 m;815 Litres;1984 kg;115/700 Litres;;Double triangle;Multibras;Electrique;"<i style=""color:#A5A5A5"">NC</i>";255/45 R 19;
Volkswagen;ID;2022;47990 €;204 ch;310 Nm;10.2 secondes;145 km/h;Arrière;204 ch;Aimant permanent (synchrone);310 Nm;;;;;;;;;82 kWh;77 kWh;Type 2;CCS Combo;11 kW;170 kW;1;;30 min. à 170 kW / 36 min. à 120 kW;28h53 à 2.3 kW;22h08 à 3 kW;6h02 à 11 kW;416 km;20.4 kWh/100km;En option;;Propulsion;1;56990 m;2.989 m;4.712 m;1.985 m;1121 Litres;2368 kg;;;Macpherson;Multibras;Electrique;"<i style=""color:#A5A5A5"">NC</i>";235/60 R 18 ;255/55 R 18 
Volkswagen;ID3;2020;40900 €;204 ch;310 Nm;7.3 secondes;160 km/h;Arrière;204 ch;Aimant permanent (synchrone);310 Nm;;;;;;;;;62 kWh;58 kWh;Type 2;CCS Combo;11 kW;120 kW;Liquide;;34 min. à 120 kW;21h50 à 2.3 kW;16h44 à 3 kW;4h34 à 11 kW;417 km;15.5 kWh/100km;En option;;Propulsion;1;4.261 m;2.77 m;1.568 m;1.809 m;385 Litres;1812 kg;;;Macpherson;Multibras;Electrique;MEB;215/55 R 18;
Volkswagen;ID3;2020;44600 €;204 ch;310 Nm;7.9 secondes;160 km/h;Arrière;204 ch;Aimant permanent (synchrone);310 Nm;;;;;;;;;82 kWh;77 kWh;Type 2;CCS Combo;11 kW;135 kW;Liquide;;38 min. à 135 kW / 40 min. à 120 kW;28h53 à 2.3 kW;22h08 à 3 kW;6h02 à 11 kW;545 km;15.8 kWh/100km;En option;;Propulsion;1;4.261 m;2.77 m;1.568 m;1.809 m;385 Litres;1928 kg;;;Macpherson;Multibras;Electrique;MEB;215/50 R 19;
Volkswagen;ID4;2020;41500 €;149 ch;310 Nm;10.9 secondes;160 km/h;Arrière;149 ch;Aimant permanent (synchrone);310 Nm;;;;;;;;;55 kWh;52 kWh;Type 2;CCS Combo;7.2 kW;50 kW;110 kW;Liquide;69 min. à 50 kW;19h22 à 2.3 kW;14h51 à 3 kW;6h11 à 7.2 kW;342 km;16.9 kWh/100km;En option;;Propulsion;1;4.584 m;2.771 m;1.64 m;1.852 m;543 Litres;1968 kg;;;Macpherson;Multibras;Electrique;MEB;235/60 R 18;
Volkswagen;ID4;2020;43100 €;170 ch;310 Nm;9 secondes;160 km/h;Arrière;170 ch;Aimant permanent (synchrone);310 Nm;;;;;;;;;55 kWh;52 kWh;Type 2;CCS Combo;7.2 kW;50 kW;110 kW;Liquide;69 min. à 50 kW;19h22 à 2.3 kW;14h51 à 3 kW;6h11 à 7.2 kW;342 km;16.9 kWh/100km;En option;;Propulsion;1;4.584 m;2.771 m;1.64 m;1.852 m;543 Litres;1965 kg;;;Macpherson;Multibras;Electrique;MEB;235/60 R 18;
Volkswagen;ID4;2020;47800 €;174 ch;310 Nm;8.9 secondes;160 km/h;Arrière;174 ch;Aimant permanent (synchrone);310 Nm;;;;;;;;;82 kWh;77 kWh;Type 2;CCS Combo;11 kW;135 kW;Liquide;;38 min. à 135 kW / 40 min. à 120 kW;28h53 à 2.3 kW;22h08 à 3 kW;6h02 à 11 kW;511 km;17.1 kWh/100km;En option;;Propulsion;1;4.584 m;2.771 m;1.64 m;1.852 m;543 Litres;2109 kg;;;Macpherson;Multibras;Electrique;MEB;235/55 R 19;255/50 R 19
Volkswagen;ID4;2020;49400 €;204 ch;310 Nm;8.5 secondes;180 km/h;Arrière;204 ch;Aimant permanent (synchrone);310 Nm;;;;;;;;;82 kWh;77 kWh;Type 2;CCS Combo;11 kW;135 kW;Liquide;;38 min. à 135 kW / 40 min. à 120 kW;28h53 à 2.3 kW;22h08 à 3 kW;6h02 à 11 kW;511 km;17.1 kWh/100km;En option;;Propulsion;1;4.584 m;2.771 m;1.64 m;1.852 m;543 Litres;2109 kg;;;Macpherson;Multibras;Electrique;MEB;235/55 R 19;255/50 R 19
Volvo;XC40;2022;45800 €;231 ch;330 Nm;7.4 secondes;160 km/h;Avant;231 ch;Aimant permanent (synchrone);330 Nm;;;;;;;;;69 kWh;67 kWh;Type 2;CCS Combo;11 kW;150 kW;Liquide;;38 min. à 150 kW / 40 min. à 120 kW;24h18 à 2.3 kW;18h38 à 3 kW;5h05 à 11 kW;425 km;23.8 kWh/100km;Oui;;Traction;1;4.425 m;2.702 m;1.652 m;1.863 m;483 Litres;2030 kg;31/452 Litres;;Macpherson;Multibras;Thermique;"<i style=""color:#A5A5A5"">NC</i>";235/50 R 19;
Audi;Q4;2021;59700 €;265 ch;460 Nm;6.9 secondes;180 km/h;Avant;170 ch;A induction (asynchrone);"<i style=""color:#A5A5A5"">NC</i>";Arrière;204 ch;Aimant permanent (synchrone);310 Nm;;;;;82 kWh;77 kWh;Type 2;CCS Combo;11 kW;125 kW;Liquide;;41 min. à 125 kW / 42 min. à 120 kW;28h53 à 2.3 kW;22h08 à 3 kW;6h02 à 11 kW;481 km;18.2 kWh/100km;En option;;4X4;1;4.588 m;2.764 m;1.632 m;1.865 m;535 Litres;2205 kg;;;Macpherson;Multibras;Electrique;MEB;235/55 R 19;255/50 R 19
Audi;Q4;2021;50700 €;204 ch;310 Nm;8.5 secondes;160 km/h;Arrière;204 ch;Aimant permanent (synchrone);310 Nm;;;;;;;;;82 kWh;77 kWh;Type 2;CCS Combo;11 kW;125 kW;Liquide;;41 min. à 125 kW / 42 min. à 120 kW;28h53 à 2.3 kW;22h08 à 3 kW;6h02 à 11 kW;522 km;17.2 kWh/100km;En option;;Propulsion;1;4.588 m;2.764 m;1.614 m;1.865 m;535 Litres;1970 kg;;;Macpherson;Multibras;Electrique;MEB;235/55 R 19;255/50 R 19
BMW;i4;2021;59700 €;340 ch;430 Nm;5.7 secondes;190 km/h;Arrière;340 ch;A excitation (synchrone);430 Nm;;;;;;;;;83.9 kWh;80.7 kWh;Type 2;CCS Combo;11 kW;205 kW;Liquide;;28 min. à 205 kW / 37 min. à 120 kW;29h35 à 2.3 kW;22h41 à 3 kW;6h11 à 11 kW;590 km;16.1 kWh/100km;Oui;;Propulsion;1;4.783 m;2.856 m;1.448 m;1.852 m;470 Litres;2050 kg;;;Macpherson;Multibras;Thermique;CLAR;225/55 R 17;
BMW;i4;2023;57500 €;286 ch;400 Nm;6 secondes;190 km/h;Arrière;286 ch;A excitation (synchrone);400 Nm;;;;;;;;;70.2 kWh;66 kWh;Type 2;CCS Combo;11 kW;185 kW;Liquide;;25 min. à 185 kW / 31 min. à 120 kW;24h39 à 2.3 kW;18h54 à 3 kW;5h09 à 11 kW;483 km;15.8 kWh/100km;Oui;;Propulsion;1;4.783 m;2.856 m;1.448 m;1.852 m;470 Litres;1990 kg;;;Macpherson;Multibras;Thermique;CLAR;225/55 R 17;
Fiat;E-Ulysse;2022;54900 €;136 ch;260 Nm;10.8 secondes;130 km/h;Avant;136 ch;Aimant permanent (synchrone);260 Nm;;;;;;;;;50 kWh;46 kWh;Type 2;CCS Combo;7.4 kW;11 kW;100 kW;1;33 min. à 100 kW;17h37 à 2.3 kW;13h30 à 3 kW;5h28 à 7.4 kW;226 km;25.2 kWh/100km;Oui;;Traction;1;4.956 m;3.275 m;1.89 m;1.92 m;1556 Litres;1894 kg;;;Macpherson;Multibras;Thermique;"<i style=""color:#A5A5A5"">NC</i>";215/60 R 17;
Ford;Mustang;2020;56500 €;294 ch;430 Nm;7 secondes;180 km/h;Arrière;294 ch;Aimant permanent (synchrone);430 Nm;;;;;;;;;99 kWh;88 kWh;Type 2;CCS Combo;11 kW;150 kW;Liquide;;33 min. à 150 kW / 41 min. à 120 kW;34h52 à 2.3 kW;26h44 à 3 kW;7h17 à 11 kW;610 km;"<i style=""color:#A5A5A5"">NC</i>";En option;;Propulsion;1;4.713 m;2.98 m;1.597 m;1.881 m;600 Litres;2085 kg;81/519 Litres;;Macpherson;Multibras;Electrique;"<i style=""color:#A5A5A5"">NC</i>";225/60 R 18;
Ford;Mustang;2020;56500 €;269 ch;580 Nm;6.3 secondes;180 km/h;Avant;"<i style=""color:#A5A5A5"">NC</i>";Aimant permanent (synchrone);"<i style=""color:#A5A5A5"">NC</i>";Arrière;"<i style=""color:#A5A5A5"">NC</i>";Aimant permanent (synchrone);"<i style=""color:#A5A5A5"">NC</i>";;;;;75.7 kWh;68 kWh;Type 2;CCS Combo;11 kW;115 kW;Liquide;;33 min. à 115 kW;26h46 à 2.3 kW;20h31 à 3 kW;5h36 à 11 kW;400 km;"<i style=""color:#A5A5A5"">NC</i>";En option;;4X4;1;4.713 m;2.98 m;1.597 m;1.881 m;600 Litres;2063 kg;81/519 Litres;;Macpherson;Multibras;Electrique;"<i style=""color:#A5A5A5"">NC</i>";225/55 R 19;
Hyundai;Ioniq;2021;59900 €;306 ch;605 Nm;5.2 secondes;185 km/h;Avant;95 ch;Aimant permanent (synchrone);255 Nm;Arrière;211 ch;Aimant permanent (synchrone);350 Nm;;;;;72.6 kWh;70 kWh;Type 2;CCS Combo;11 kW;233 kW;Liquide;;33 min. à 233 kW / 39 min. à 120 kW;25h43 à 2.3 kW;19h43 à 3 kW;5h23 à 11 kW;460 km;17.7 kWh/100km;Oui;;4X4;1;4.635 m;3 m;1.647 m;1.89 m;551 Litres;2095 kg;24/527 Litres;;Macpherson;Multibras;Electrique;E-GMP;255/45 R 20;
Kia;EV6;2021;53890 €;325 ch;605 Nm;5.4 secondes;185 km/h;Avant;95 ch;Aimant permanent (synchrone);255 Nm;Arrière;211 ch;Aimant permanent (synchrone);350 Nm;;;;;77.4 kWh;72.5 kWh;Type 2;CCS Combo;11 kW;233 kW;Liquide;;25 min. à 233 kW / 34 min. à 120 kW;27h07 à 2.3 kW;20h47 à 3 kW;5h40 à 11 kW;506 km;17.2 kWh/100km;En option;;4X4;1;4.68 m;2.9 m;1.55 m;1.88 m;510 Litres;2090 kg;20/490 Litres;;Macpherson;Multibras;Electrique;E-GMP;235/55 R 19;
Mercedes;EQA;2022;55750 €;190 ch;385 Nm;8.6 secondes;160 km/h;Avant;"<i style=""color:#A5A5A5"">NC</i>";A induction (asynchrone);"<i style=""color:#A5A5A5"">NC</i>";;;;;;;;;79.8 kWh;70.5 kWh;Type 2;CCS Combo;11 kW;100 kW;Liquide;;40 min. à 100 kW;28h10 à 2.3 kW;21h36 à 3 kW;5h53 à 11 kW;489 km;14.5 kWh/100km;Oui;;Traction;1;4.463 m;2.729 m;1.62 m;1.834 m;340 Litres;2040 kg;;;Macpherson;Multibras;Thermique;MRA;235/55 R 18;
MG;Marvel;2022;50990 €;289 ch;665 Nm;4.9 secondes;200 km/h;Avant;109 ch;Aimant permanent (synchrone);255 Nm;Arrière;71 ch;Aimant permanent (synchrone);155 Nm;Arrière;109 ch;Aimant permanent (synchrone);255 Nm;70 kWh;66 kWh;Type 2;CCS Combo;11 kW;92 kW;Liquide;;47 min. à 92 kW;24h39 à 2.3 kW;18h54 à 3 kW;5h09 à 11 kW;370 km;20.9 kWh/100km;En option;;4X4;2;4.674 m;2.804 m;1.613 m;1.919 m;357 Litres;1995 kg;;;Macpherson;Multibras;Electrique;"<i style=""color:#A5A5A5"">NC</i>";235/45 R 19;
Nissan;Ariya;2021;57400 €;242 ch;300 Nm;7.6 secondes;160 km/h;Avant;242 ch;A excitation (synchrone);300 Nm;;;;;;;;;90 kWh;87 kWh;Type 2;CCS Combo;7.4 kW;22 kW;130 kW;Liquide;43 min. à 130 kW / 45 min. à 120 kW;31h42 à 2.3 kW;24h18 à 3 kW;9h51 à 7.4 kW;520 km;"<i style=""color:#A5A5A5"">NC</i>";En option;;Traction;1;4.595 m;2.775 m;1.65 m;1.85 m;468 Litres;2089 kg;;;Macpherson;Multibras;Thermique;CMF-EV ;235/55 R 19 ;
Peugeot;E-Traveler;2022;56700 €;136 ch;260 Nm;10.8 secondes;130 km/h;Avant;136 ch;Aimant permanent (synchrone);260 Nm;;;;;;;;;50 kWh;46 kWh;Type 2;CCS Combo;7.4 kW;11 kW;100 kW;1;33 min. à 100 kW;17h37 à 2.3 kW;13h30 à 3 kW;5h28 à 7.4 kW;230 km;25.1 kWh/100km;Oui;;Traction;1;4.959 m;3.275 m;1.899 m;1.92 m;1556 Litres;1894 kg;;;Macpherson;Multibras;Thermique;"<i style=""color:#A5A5A5"">NC</i>";215/60 R 17;
Peugeot;E-Traveler;2022;57700 €;136 ch;260 Nm;10.8 secondes;130 km/h;Avant;136 ch;Aimant permanent (synchrone);260 Nm;;;;;;;;;50 kWh;46 kWh;Type 2;CCS Combo;7.4 kW;11 kW;100 kW;1;33 min. à 100 kW;17h37 à 2.3 kW;13h30 à 3 kW;5h28 à 7.4 kW;230 km;25.2 kWh/100km;Oui;;Traction;1;5.306 m;3.275 m;1.899 m;1.92 m;1950 Litres;1914 kg;;;Macpherson;Multibras;Thermique;"<i style=""color:#A5A5A5"">NC</i>";215/60 R 17;
Skoda;Enyaq;2021;52030 €;265 ch;425 Nm;6.9 secondes;160 km/h;Avant;109 ch;A induction (asynchrone);160 Nm;Arrière;204 ch;Aimant permanent (synchrone);310 Nm;;;;;82 kWh;77 kWh;Type 2;CCS Combo;11 kW;135 kW;Liquide;;38 min. à 135 kW / 40 min. à 120 kW;28h53 à 2.3 kW;22h08 à 3 kW;6h02 à 11 kW;495 km;"<i style=""color:#A5A5A5"">NC</i>";En option;;4X4;1;4.653 m;2.765 m;1.605 m;1.879 m;585 Litres;2120 kg;;;Macpherson;Multibras;Electrique;MEB;235/50 R 20;255/45 R 20
Tesla;Model;2018;53990 €;441 ch;493 Nm;4.4 secondes;233 km/h;Avant;165 ch;A induction (asynchrone);163 Nm;Arrière;276 ch;Aimant permanent + réluctance variable (synchrone);330 Nm;;;;;77 kWh;74 kWh;Type 2;CCS Combo;11 kW;250 kW;Liquide;;25 min. à 250 kW / 34 min. à 120 kW;27h07 à 2.3 kW;20h47 à 3 kW;5h40 à 11 kW;560 km;"<i style=""color:#A5A5A5"">NC</i>";Oui;;4X4;1;4.69 m;2.88 m;1.44 m;1.85 m;545 Litres;1919 kg;50/495 Litres;;Double triangle;Multibras;Electrique;"<i style=""color:#A5A5A5"">NC</i>";235/45 R 18;
Tesla;Model;2018;59990 €;513 ch;660 Nm;3.2 secondes;233 km/h;Avant;215 ch;A induction (asynchrone);240 Nm;Arrière;298 ch;Aimant permanent + réluctance variable (synchrone);420 Nm;;;;;77 kWh;74 kWh;Type 2;CCS Combo;11 kW;250 kW;Liquide;;25 min. à 250 kW / 34 min. à 120 kW;27h07 à 2.3 kW;20h47 à 3 kW;5h40 à 11 kW;530 km;"<i style=""color:#A5A5A5"">NC</i>";Oui;;4X4;1;4.69 m;2.88 m;1.44 m;1.85 m;545 Litres;1922 kg;50/495 Litres;;Double triangle;Multibras;Electrique;"<i style=""color:#A5A5A5"">NC</i>";235/35 R 20;
Tesla;Model;2021;53490 €;276 ch;330 Nm;6.1 secondes;225 km/h;Arrière;276 ch;Aimant permanent + réluctance variable (synchrone);330 Nm;;;;;;;;;62 kWh;57.5 kWh;Type 2;CCS Combo;11 kW;170 kW;Liquide;;24 min. à 170 kW / 29 min. à 120 kW;21h50 à 2.3 kW;16h44 à 3 kW;4h34 à 11 kW;491 km;"<i style=""color:#A5A5A5"">NC</i>";Oui;;Propulsion;1;4.69 m;2.88 m;1.44 m;1.85 m;545 Litres;1845 kg;50/495 Litres;;Double triangle;Multibras;Electrique;"<i style=""color:#A5A5A5"">NC</i>";235/45 R 18;
Volkswagen;ID4;2020;54450 €;299 ch;460 Nm;6.2 secondes;180 km/h;Avant;109 ch;A induction (asynchrone);160 Nm;Arrière;204 ch;Aimant permanent (synchrone);310 Nm;;;;;82 kWh;77 kWh;Type 2;CCS Combo;11 kW;150 kW;Liquide;;34 min. à 150 kW / 38 min. à 120 kW;28h53 à 2.3 kW;22h08 à 3 kW;6h02 à 11 kW;478 km;18.4 kWh/100km;En option;;4X4;1;4.582 m;2.769 m;1.637 m;1.852 m;543 Litres;2224 kg;;;Macpherson;Multibras;Electrique;MEB;235/50 R 20;255/45 R 20
Volvo;XC40;2020;58050 €;408 ch;660 Nm;4.9 secondes;180 km/h;Avant;204 ch;Aimant permanent (synchrone);330 Nm;Arrière;204 ch;Aimant permanent (synchrone);330 Nm;;;;;78 kWh;75 kWh;Type 2;CCS Combo;11 kW;150 kW;Liquide;;32 min. à 150 kW / 36 min. à 120 kW;27h28 à 2.3 kW;21h04 à 3 kW;5h45 à 11 kW;438 km;23.8 kWh/100km;Oui;;4X4;1;4.425 m;2.702 m;1.652 m;1.863 m;483 Litres;2188 kg;31/452 Litres;;Macpherson;Multibras;Thermique;"<i style=""color:#A5A5A5"">NC</i>";235/50 R 19;
Audi;Q4;2021;65700 €;299 ch;460 Nm;6.2 secondes;180 km/h;Avant;170 ch;A induction (asynchrone);"<i style=""color:#A5A5A5"">NC</i>";Arrière;204 ch;Aimant permanent (synchrone);310 Nm;;;;;82 kWh;77 kWh;Type 2;CCS Combo;11 kW;125 kW;Liquide;;41 min. à 125 kW / 42 min. à 120 kW;28h53 à 2.3 kW;22h08 à 3 kW;6h02 à 11 kW;478 km;18.4 kWh/100km;En option;;4X4;1;4.588 m;2.764 m;1.632 m;1.865 m;535 Litres;2205 kg;;;Macpherson;Multibras;Electrique;MEB;235/55 R 19;255/50 R 19
Audi;Q4;2021;61700 €;265 ch;460 Nm;6.9 secondes;180 km/h;Avant;170 ch;A induction (asynchrone);"<i style=""color:#A5A5A5"">NC</i>";Arrière;204 ch;Aimant permanent (synchrone);310 Nm;;;;;82 kWh;77 kWh;Type 2;CCS Combo;11 kW;125 kW;Liquide;;41 min. à 125 kW / 42 min. à 120 kW;28h53 à 2.3 kW;22h08 à 3 kW;6h02 à 11 kW;487 km;18.6 kWh/100km;En option;;4X4;1;4.588 m;2.764 m;1.614 m;1.865 m;535 Litres;2210 kg;;;Macpherson;Multibras;Electrique;MEB;235/55 R 19;255/50 R 19
Audi;Q4;2021;67700 €;299 ch;460 Nm;6.2 secondes;180 km/h;Avant;170 ch;A induction (asynchrone);"<i style=""color:#A5A5A5"">NC</i>";Arrière;204 ch;Aimant permanent (synchrone);310 Nm;;;;;82 kWh;77 kWh;Type 2;CCS Combo;11 kW;125 kW;Liquide;;41 min. à 125 kW / 42 min. à 120 kW;28h53 à 2.3 kW;22h08 à 3 kW;6h02 à 11 kW;485 km;18.8 kWh/100km;En option;;4X4;1;4.588 m;2.764 m;1.614 m;1.865 m;535 Litres;2210 kg;;;Macpherson;Multibras;Electrique;MEB;235/55 R 19;255/50 R 19
BMW;iX3;2020;69500 €;286 ch;400 Nm;6.8 secondes;180 km/h;Arrière;286 ch;A excitation (synchrone);400 Nm;;;;;;;;;80 kWh;74 kWh;Type 2;CCS Combo;7.4 kW;150 kW;Liquide;;33 min. à 150 kW / 37 min. à 120 kW;28h10 à 2.3 kW;21h36 à 3 kW;8h45 à 7.4 kW;461 km;18.5 kWh/100km;Oui;;Propulsion;1;4.734 m;2.864 m;1.668 m;1.891 m;510 Litres;2255 kg;;;Macpherson;Multibras;Thermique;CLAR;245/50 R 19;
Fiat;E-Ulysse;2022;60900 €;136 ch;260 Nm;11.9 secondes;130 km/h;Avant;136 ch;Aimant permanent (synchrone);260 Nm;;;;;;;;;75 kWh;68 kWh;Type 2;CCS Combo;7.4 kW;11 kW;100 kW;1;42 min. à 100 kW;26h25 à 2.3 kW;20h15 à 3 kW;8h13 à 7.4 kW;323 km;25.6 kWh/100km;Oui;;Traction;1;4.956 m;3.275 m;1.89 m;1.92 m;1556 Litres;2065 kg;;;Macpherson;Multibras;Thermique;"<i style=""color:#A5A5A5"">NC</i>";215/60 R 17;
Fiat;E-Ulysse;2022;60900 €;136 ch;260 Nm;11.9 secondes;130 km/h;Avant;136 ch;Aimant permanent (synchrone);260 Nm;;;;;;;;;75 kWh;68 kWh;Type 2;CCS Combo;7.4 kW;11 kW;100 kW;1;42 min. à 100 kW;26h25 à 2.3 kW;20h15 à 3 kW;8h13 à 7.4 kW;303 km;25.4 kWh/100km;Oui;;Traction;1;5.306 m;3.275 m;1.89 m;1.92 m;1950 Litres;2092 kg;;;Macpherson;Multibras;Thermique;"<i style=""color:#A5A5A5"">NC</i>";215/60 R 17;
Ford;Mustang;2020;65500 €;351 ch;580 Nm;5.8 secondes;180 km/h;Avant;"<i style=""color:#A5A5A5"">NC</i>";Aimant permanent (synchrone);"<i style=""color:#A5A5A5"">NC</i>";Arrière;"<i style=""color:#A5A5A5"">NC</i>";Aimant permanent (synchrone);"<i style=""color:#A5A5A5"">NC</i>";;;;;99 kWh;88 kWh;Type 2;CCS Combo;11 kW;150 kW;Liquide;;33 min. à 150 kW / 41 min. à 120 kW;34h52 à 2.3 kW;26h44 à 3 kW;7h17 à 11 kW;540 km;"<i style=""color:#A5A5A5"">NC</i>";En option;;4X4;1;4.713 m;2.98 m;1.597 m;1.881 m;600 Litres;2182 kg;81/519 Litres;;Macpherson;Multibras;Electrique;"<i style=""color:#A5A5A5"">NC</i>";225/55 R 19;
Hyundai;Ioniq;2022;62400 €;325 ch;605 Nm;5.1 secondes;185 km/h;Avant;95 ch;Aimant permanent (synchrone);255 Nm;Arrière;229 ch;Aimant permanent (synchrone);350 Nm;;;;;77.4 kWh;72.6 kWh;Type 2;CCS Combo;11 kW;233 kW;Liquide;;25 min. à 233 kW / 34 min. à 120 kW;27h07 à 2.3 kW;20h47 à 3 kW;5h40 à 11 kW;481 km;17.7 kWh/100km;Oui;;4X4;1;4.635 m;3 m;1.647 m;1.89 m;551 Litres;2200 kg;24/527 Litres;;Macpherson;Multibras;Electrique;E-GMP;255/45 R 20;
Kia;EV6;2021;65990 €;585 ch;740 Nm;3.5 secondes;260 km/h;Avant;250 ch;Aimant permanent (synchrone);350 Nm;Arrière;350 ch;Aimant permanent (synchrone);500 Nm;;;;;77.4 kWh;72.5 kWh;Type 2;CCS Combo;11 kW;233 kW;Liquide;;25 min. à 233 kW / 34 min. à 120 kW;27h07 à 2.3 kW;20h47 à 3 kW;5h40 à 11 kW;406 km;19.1 kWh/100km;Oui;;4X4;1;4.68 m;2.9 m;1.55 m;1.88 m;510 Litres;2250 kg;20/490 Litres;;Macpherson;Multibras;Electrique;E-GMP;255/40 R 21;
Mercedes;EQA;2021;61200 €;292 ch;520 Nm;6 secondes;160 km/h;Avant;"<i style=""color:#A5A5A5"">NC</i>";A induction (asynchrone);"<i style=""color:#A5A5A5"">NC</i>";Arrière;"<i style=""color:#A5A5A5"">NC</i>";Aimant permanent (synchrone);"<i style=""color:#A5A5A5"">NC</i>";;;;;79.8 kWh;66.5 kWh;Type 2;CCS Combo;11 kW;100 kW;Liquide;;40 min. à 100 kW;28h10 à 2.3 kW;21h36 à 3 kW;5h53 à 11 kW;434 km;17.6 kWh/100km;Oui;;4X4;1;4.463 m;2.729 m;1.62 m;1.834 m;340 Litres;2015 kg;;;Macpherson;Multibras;Thermique;MRA;235/55 R 18;
Mercedes;EQB;2021;63041 €;228 ch;390 Nm;8 secondes;160 km/h;Avant;"<i style=""color:#A5A5A5"">NC</i>";A induction (asynchrone);"<i style=""color:#A5A5A5"">NC</i>";Arrière;"<i style=""color:#A5A5A5"">NC</i>";Aimant permanent (synchrone);"<i style=""color:#A5A5A5"">NC</i>";;;;;79.8 kWh;66.5 kWh;Type 2;CCS Combo;11 kW;100 kW;Liquide;;40 min. à 100 kW;28h10 à 2.3 kW;21h36 à 3 kW;5h53 à 11 kW;395 km;19.2 kWh/100km;Oui;;4X4;1;4.684 m;2.829 m;1.667 m;1.834 m;495 Litres;2175 kg;;;Macpherson;Multibras;Thermique;MRA;235/55 R 18;
Mercedes;EQB;2021;65945 €;292 ch;520 Nm;6.2 secondes;160 km/h;Avant;"<i style=""color:#A5A5A5"">NC</i>";A induction (asynchrone);"<i style=""color:#A5A5A5"">NC</i>";Arrière;"<i style=""color:#A5A5A5"">NC</i>";Aimant permanent (synchrone);"<i style=""color:#A5A5A5"">NC</i>";;;;;79.8 kWh;66.5 kWh;Type 2;CCS Combo;11 kW;100 kW;Liquide;;40 min. à 100 kW;28h10 à 2.3 kW;21h36 à 3 kW;5h53 à 11 kW;395 km;19.2 kWh/100km;Oui;;4X4;1;4.684 m;2.829 m;1.667 m;1.834 m;495 Litres;2175 kg;;;Macpherson;Multibras;Thermique;MRA;235/55 R 18;
Nissan;Ariya;2021;60400 €;306 ch;600 Nm;5.7 secondes;200 km/h;Avant;242 ch;A excitation (synchrone);300 Nm;Arrière;242 ch;A excitation (synchrone);300 Nm;;;;;90 kWh;87 kWh;Type 2;CCS Combo;7.4 kW;22 kW;130 kW;Liquide;43 min. à 130 kW / 45 min. à 120 kW;31h42 à 2.3 kW;24h18 à 3 kW;9h51 à 7.4 kW;493 km;"<i style=""color:#A5A5A5"">NC</i>";En option;;4X4;1;4.595 m;2.775 m;1.65 m;1.85 m;415 Litres;2218 kg;;;Macpherson;Multibras;Thermique;CMF-EV ;255/45 R 20;
Peugeot;E-Traveler;2022;62700 €;136 ch;260 Nm;11.9 secondes;130 km/h;Avant;136 ch;Aimant permanent (synchrone);260 Nm;;;;;;;;;75 kWh;68 kWh;Type 2;CCS Combo;7.4 kW;11 kW;100 kW;1;42 min. à 100 kW;26h25 à 2.3 kW;20h15 à 3 kW;8h13 à 7.4 kW;330 km;26.6 kWh/100km;Oui;;Traction;1;4.959 m;3.275 m;1.899 m;1.92 m;1556 Litres;2065 kg;;;Macpherson;Multibras;Thermique;"<i style=""color:#A5A5A5"">NC</i>";215/60 R 17;
Peugeot;E-Traveler;2022;63700 €;136 ch;260 Nm;11.9 secondes;130 km/h;Avant;136 ch;Aimant permanent (synchrone);260 Nm;;;;;;;;;75 kWh;68 kWh;Type 2;CCS Combo;7.4 kW;11 kW;100 kW;1;42 min. à 100 kW;26h25 à 2.3 kW;20h15 à 3 kW;8h13 à 7.4 kW;330 km;26.8 kWh/100km;Oui;;Traction;1;5.306 m;3.275 m;1.899 m;1.92 m;1950 Litres;2065 kg;;;Macpherson;Multibras;Thermique;"<i style=""color:#A5A5A5"">NC</i>";215/60 R 17;
Tesla;Model;2021;62490 €;441 ch;493 Nm;4.4 secondes;233 km/h;Avant;165 ch;A induction (asynchrone);163 Nm;Arrière;276 ch;Aimant permanent + réluctance variable (synchrone);330 Nm;;;;;82 kWh;77 kWh;Type 2;CCS Combo;11 kW;250 kW;Liquide;;26 min. à 250 kW / 36 min. à 120 kW;28h53 à 2.3 kW;22h08 à 3 kW;6h02 à 11 kW;602 km;"<i style=""color:#A5A5A5"">NC</i>";Oui;;4X4;1;4.69 m;2.88 m;1.44 m;1.85 m;545 Litres;1920 kg;50/495 Litres;;Double triangle;Multibras;Electrique;"<i style=""color:#A5A5A5"">NC</i>";235/45 R 18;
Tesla;Model;2021;66490 €;513 ch;660 Nm;3.2 secondes;233 km/h;Avant;215 ch;A induction (asynchrone);240 Nm;Arrière;298 ch;Aimant permanent + réluctance variable (synchrone);420 Nm;;;;;82 kWh;77 kWh;Type 2;CCS Combo;11 kW;250 kW;Liquide;;26 min. à 250 kW / 36 min. à 120 kW;28h53 à 2.3 kW;22h08 à 3 kW;6h02 à 11 kW;547 km;"<i style=""color:#A5A5A5"">NC</i>";Oui;;4X4;1;4.69 m;2.88 m;1.44 m;1.85 m;545 Litres;1925 kg;50/495 Litres;;Double triangle;Multibras;Electrique;"<i style=""color:#A5A5A5"">NC</i>";235/35 R 20;
Tesla;Model;2021;64990 €;441 ch;493 Nm;5 secondes;217 km/h;Avant;165 ch;A induction (asynchrone);163 Nm;Arrière;276 ch;Aimant permanent + réluctance variable (synchrone);330 Nm;;;;;82 kWh;77 kWh;Type 2;CCS Combo;11 kW;250 kW;Liquide;;26 min. à 250 kW / 36 min. à 120 kW;28h53 à 2.3 kW;22h08 à 3 kW;6h02 à 11 kW;533 km;"<i style=""color:#A5A5A5"">NC</i>";Oui;;4X4;1;4.75 m;2.89 m;1.62 m;1.92 m;815 Litres;2054 kg;115/700 Litres;;Double triangle;Multibras;Electrique;"<i style=""color:#A5A5A5"">NC</i>";255/45 R 19;
Tesla;Model;2021;69990 €;513 ch;660 Nm;3.7 secondes;250 km/h;Avant;215 ch;A induction (asynchrone);240 Nm;Arrière;298 ch;Aimant permanent + réluctance variable (synchrone);420 Nm;;;;;82 kWh;77 kWh;Type 2;CCS Combo;11 kW;250 kW;Liquide;;26 min. à 250 kW / 36 min. à 120 kW;28h53 à 2.3 kW;22h08 à 3 kW;6h02 à 11 kW;514 km;"<i style=""color:#A5A5A5"">NC</i>";Oui;;4X4;1;4.75 m;2.89 m;1.62 m;1.92 m;815 Litres;2078 kg;115/700 Litres;;Double triangle;Multibras;Electrique;"<i style=""color:#A5A5A5"">NC</i>";255/35 R 21;275/35 R 21
Audi;E-tron;2019;71900 €;313 ch;540 Nm;6.8 secondes;190 km/h;Avant;170 ch;A induction (asynchrone);"<i style=""color:#A5A5A5"">NC</i>";Arrière;156 ch;A induction (asynchrone);"<i style=""color:#A5A5A5"">NC</i>";;;;;71 kWh;64.7 kWh;Type 2;CCS Combo;11 kW;120 kW;Liquide;;33 min. à 120 kW;25h00 à 2.3 kW;19h10 à 3 kW;5h14 à 11 kW;339 km;21.8 kWh/100km;Oui;;4X4;1;4.901 m;2.928 m;1.629 m;1.935 m;660 Litres;2445 kg;60/600 Litres;;Double triangle;Multibras;Thermique;MLB;255/50 R 20;
Audi;E-tron;2019;74500 €;313 ch;540 Nm;6.8 secondes;190 km/h;Avant;170 ch;A induction (asynchrone);"<i style=""color:#A5A5A5"">NC</i>";Arrière;156 ch;A induction (asynchrone);"<i style=""color:#A5A5A5"">NC</i>";;;;;71 kWh;64.7 kWh;Type 2;CCS Combo;11 kW;120 kW;Liquide;;33 min. à 120 kW;25h00 à 2.3 kW;19h10 à 3 kW;5h14 à 11 kW;346 km;21.4 kWh/100km;Oui;;4X4;1;4.901 m;2.928 m;1.616 m;1.935 m;660 Litres;2445 kg;60/600 Litres;;Double triangle;Multibras;Thermique;MLB;255/50 R 20;
BMW;i4;2021;71650 €;544 ch;795 Nm;3.9 secondes;225 km/h;Avant;"<i style=""color:#A5A5A5"">NC</i>";A excitation (synchrone);"<i style=""color:#A5A5A5"">NC</i>";Arrière;"<i style=""color:#A5A5A5"">NC</i>";A excitation (synchrone);"<i style=""color:#A5A5A5"">NC</i>";;;;;83.9 kWh;80.7 kWh;Type 2;CCS Combo;11 kW;205 kW;Liquide;;28 min. à 205 kW / 37 min. à 120 kW;29h35 à 2.3 kW;22h41 à 3 kW;6h11 à 11 kW;520 km;18 kWh/100km;Oui;;4X4;1;4.783 m;2.856 m;1.448 m;1.852 m;470 Litres;2215 kg;;;Macpherson;Multibras;Thermique;CLAR;245/45 R 18;255/45 R 18
Ford;Mustang;2020;78950 €;487 ch;860 Nm;3.7 secondes;180 km/h;Avant;"<i style=""color:#A5A5A5"">NC</i>";Aimant permanent (synchrone);"<i style=""color:#A5A5A5"">NC</i>";Arrière;"<i style=""color:#A5A5A5"">NC</i>";Aimant permanent (synchrone);"<i style=""color:#A5A5A5"">NC</i>";;;;;99 kWh;88 kWh;Type 2;CCS Combo;11 kW;150 kW;Liquide;;33 min. à 150 kW / 41 min. à 120 kW;34h52 à 2.3 kW;26h44 à 3 kW;7h17 à 11 kW;500 km;"<i style=""color:#A5A5A5"">NC</i>";En option;;4X4;1;4.713 m;2.98 m;1.597 m;1.881 m;600 Litres;2273 kg;81/519 Litres;;Macpherson;Multibras;Electrique;"<i style=""color:#A5A5A5"">NC</i>";245/45 R 20;
Jaguar;I-Pace;2018;79990 €;400 ch;696 Nm;4.8 secondes;200 km/h;Avant;"<i style=""color:#A5A5A5"">NC</i>";Aimant permanent (synchrone);"<i style=""color:#A5A5A5"">NC</i>";Arrière;"<i style=""color:#A5A5A5"">NC</i>";Aimant permanent (synchrone);"<i style=""color:#A5A5A5"">NC</i>";;;;;90 kWh;84.7 kWh;Type 2;CCS Combo;11 kW;100 kW;Liquide;;56 min. à 100 kW;31h42 à 2.3 kW;24h18 à 3 kW;6h38 à 11 kW;480 km;21.2 kWh/100km;Oui;;4X4;1;4.682 m;2.99 m;1.565 m;2.011 m;505 Litres;2208 kg;;;Double triangle;Multibras;Electrique;"<i style=""color:#A5A5A5"">NC</i>";235/65 R 18;
Jaguar;I-Pace;2020;70350 €;320 ch;500 Nm;6.4 secondes;180 km/h;Avant;"<i style=""color:#A5A5A5"">NC</i>";Aimant permanent (synchrone);"<i style=""color:#A5A5A5"">NC</i>";Arrière;"<i style=""color:#A5A5A5"">NC</i>";Aimant permanent (synchrone);"<i style=""color:#A5A5A5"">NC</i>";;;;;90 kWh;84.7 kWh;Type 2;CCS Combo;11 kW;100 kW;Liquide;;56 min. à 100 kW;31h42 à 2.3 kW;24h18 à 3 kW;6h38 à 11 kW;470 km;"<i style=""color:#A5A5A5"">NC</i>";Oui;;4X4;1;4.682 m;2.99 m;1.565 m;2.011 m;505 Litres;2133 kg;;;Double triangle;Multibras;Electrique;"<i style=""color:#A5A5A5"">NC</i>";235/65 R 18;
Mercedes;EQC;2019;79250 €;408 ch;760 Nm;5.1 secondes;180 km/h;Avant;"<i style=""color:#A5A5A5"">NC</i>";A induction (asynchrone);"<i style=""color:#A5A5A5"">NC</i>";Arrière;"<i style=""color:#A5A5A5"">NC</i>";A induction (asynchrone);"<i style=""color:#A5A5A5"">NC</i>";;;;;85 kWh;80 kWh;Type 2;CCS Combo;7.4 kW;110 kW;Liquide;;48 min. à 110 kW;29h56 à 2.3 kW;22h57 à 3 kW;9h18 à 7.4 kW;475 km;19.7 kWh/100km;Oui;;4X4;1;4.761 m;2.873 m;1.623 m;1.884 m;500 Litres;2495 kg;;;Double triangle;Multibras;Thermique;MFA;235/55 R 19;
Mercedes;EQE;2022;75000 €;245 ch;550 Nm;7.3 secondes;210 km/h;Arrière;245 ch;Aimant permanent (synchrone);550 Nm;;;;;;;;;100 kWh;90 kWh;Type 2;CCS Combo;11 kW;22 kW;170 kW;Liquide;29 min. à 170 kW / 41 min. à 120 kW;35h13 à 2.3 kW;27h00 à 3 kW;7h22 à 11 kW;639 km;15.7 kWh/100km;Oui;;Propulsion;1;4.946 m;3.12 m;1.503 m;1.906 m;430 Litres;2385 kg;;;Double triangle;Multibras;Electrique;"<i style=""color:#A5A5A5"">NC</i>";255/45 R 19;
Mercedes;EQE;2022;78900 €;292 ch;565 Nm;6.4 secondes;210 km/h;Arrière;292 ch;Aimant permanent (synchrone);565 Nm;;;;;;;;;100 kWh;90 kWh;Type 2;CCS Combo;11 kW;22 kW;170 kW;Liquide;29 min. à 170 kW / 41 min. à 120 kW;35h13 à 2.3 kW;27h00 à 3 kW;7h22 à 11 kW;639 km;15.7 kWh/100km;Oui;;Propulsion;1;4.946 m;3.12 m;1.503 m;1.906 m;430 Litres;2385 kg;;;Double triangle;Multibras;Electrique;"<i style=""color:#A5A5A5"">NC</i>";255/45 R 19;
Mercedes;EQV;2022;74046 €;204 ch;362 Nm;12.1 secondes;160 km/h;Avant;204 ch;Aimant permanent (synchrone);362 Nm;;;;;;;;;100 kWh;90 kWh;Type 2;CCS Combo;11 kW;110 kW;1;;45 min. à 110 kW;35h13 à 2.3 kW;27h00 à 3 kW;7h22 à 11 kW;353 km;28.3 kWh/100km;Oui;;Traction;1;5140 m;3.2 m;1.901 m;1.928 m;1030 Litres;2814 kg;;;Macpherson;Multibras;Thermique;"<i style=""color:#A5A5A5"">NC</i>";245/55 R 17;
Mercedes;EQV;2022;74868 €;204 ch;362 Nm;12.2 secondes;160 km/h;Avant;204 ch;Aimant permanent (synchrone);362 Nm;;;;;;;;;100 kWh;90 kWh;Type 2;CCS Combo;11 kW;110 kW;1;;45 min. à 110 kW;35h13 à 2.3 kW;27h00 à 3 kW;7h22 à 11 kW;351 km;28.5 kWh/100km;Oui;;Traction;1;5.37 m;3.2 m;1.901 m;1.928 m;1410 Litres;2844 kg;;;Macpherson;Multibras;Thermique;"<i style=""color:#A5A5A5"">NC</i>";245/55 R 17;
Audi;E-tron;2020;84200 €;360 ch;664 Nm;5.7 secondes;200 km/h;Avant;170 ch;A induction (asynchrone);"<i style=""color:#A5A5A5"">NC</i>";Arrière;190 ch;A induction (asynchrone);"<i style=""color:#A5A5A5"">NC</i>";;;;;95 kWh;86 kWh;Type 2;CCS Combo;11 kW;150 kW;Liquide;;32 min. à 150 kW / 39 min. à 120 kW;33h27 à 2.3 kW;25h39 à 3 kW;7h00 à 11 kW;437 km;22.3 kWh/100km;Oui;;4X4;1;4.901 m;2.928 m;1.629 m;1.935 m;660 Litres;2555 kg;60/600 Litres;;Double triangle;Multibras;Thermique;MLB;255/50 R 20;
Audi;E-tron;2020;86800 €;360 ch;664 Nm;5.7 secondes;200 km/h;Avant;170 ch;A induction (asynchrone);"<i style=""color:#A5A5A5"">NC</i>";Arrière;190 ch;A induction (asynchrone);"<i style=""color:#A5A5A5"">NC</i>";;;;;95 kWh;86 kWh;Type 2;CCS Combo;11 kW;150 kW;Liquide;;32 min. à 150 kW / 39 min. à 120 kW;33h27 à 2.3 kW;25h39 à 3 kW;7h00 à 11 kW;446 km;21.9 kWh/100km;Oui;;4X4;1;4.901 m;2.928 m;1.616 m;1.935 m;660 Litres;2555 kg;60/600 Litres;;Double triangle;Multibras;Thermique;MLB;255/50 R 20;
BMW;iX;2021;86250 €;326 ch;630 Nm;6.1 secondes;200 km/h;Avant;"<i style=""color:#A5A5A5"">NC</i>";A excitation (synchrone);"<i style=""color:#A5A5A5"">NC</i>";Arrière;"<i style=""color:#A5A5A5"">NC</i>";A excitation (synchrone);"<i style=""color:#A5A5A5"">NC</i>";;;;;76.6 kWh;71 kWh;Type 2;CCS Combo;11 kW;150 kW;Liquide;;32 min. à 150 kW / 36 min. à 120 kW;27h07 à 2.3 kW;20h47 à 3 kW;5h40 à 11 kW;425 km;19.4 kWh/100km;Oui;;4X4;1;4.953 m;3 m;1.695 m;1.967 m;500 Litres;2440 kg;;;Double triangle;Multibras;Thermique;CLAR;235/60 R 20;
Audi;E-tron;2021;96600 €;503 ch;973 Nm;4.5 secondes;210 km/h;Avant;170 ch;A induction (asynchrone);"<i style=""color:#A5A5A5"">NC</i>";Arrière;129 ch;A induction (asynchrone);"<i style=""color:#A5A5A5"">NC</i>";Arrière;129 ch;A induction (asynchrone);"<i style=""color:#A5A5A5"">NC</i>";95 kWh;86 kWh;Type 2;CCS Combo;11 kW;150 kW;Liquide;;32 min. à 150 kW / 39 min. à 120 kW;33h27 à 2.3 kW;25h39 à 3 kW;7h00 à 11 kW;372 km;26.2 kWh/100km;Oui;;4X4;1;4.902 m;2.928 m;1.629 m;1.935 m;660 Litres;2445 kg;60/600 Litres;;Double triangle;Multibras;Thermique;MLB;255/50 R 20;
Audi;E-Tron;2021;101500 €;598 ch;830 Nm;3.3 secondes;250 km/h;Avant;238 ch;A induction (asynchrone);"<i style=""color:#A5A5A5"">NC</i>";Arrière;456 ch;Aimant permanent (synchrone);"<i style=""color:#A5A5A5"">NC</i>";;;;;93.4 kWh;87.3 kWh;Type 2;CCS Combo;22 kW;270 kW;Liquide;;29 min. à 270 kW / 41 min. à 120 kW;32h45 à 2.3 kW;25h07 à 3 kW;3h25 à 22 kW;465 km;21 kWh/100km;Oui;;4X4;2;4.989 m;2.9 m;1.414 m;1.964 m;435 Litres;2422 kg;85/350 Litres;;Double triangle;Multibras;Electrique;PPE;245/45 R 20;285/40 R 20
Audi;E-tron;2020;99200 €;503 ch;973 Nm;4.5 secondes;210 km/h;Avant;170 ch;A induction (asynchrone);"<i style=""color:#A5A5A5"">NC</i>";Arrière;129 ch;A induction (asynchrone);"<i style=""color:#A5A5A5"">NC</i>";Arrière;129 ch;A induction (asynchrone);"<i style=""color:#A5A5A5"">NC</i>";95 kWh;86 kWh;Type 2;CCS Combo;11 kW;150 kW;Liquide;;32 min. à 150 kW / 39 min. à 120 kW;33h27 à 2.3 kW;25h39 à 3 kW;7h00 à 11 kW;378 km;25.8 kWh/100km;Oui;;4X4;1;4.902 m;2.928 m;1.616 m;1.935 m;660 Litres;2555 kg;60/600 Litres;;Double triangle;Multibras;Thermique;MLB;255/50 R 20;
BMW;iX;2021;110000 €;523 ch;765 Nm;4.6 secondes;200 km/h;Avant;"<i style=""color:#A5A5A5"">NC</i>";A excitation (synchrone);"<i style=""color:#A5A5A5"">NC</i>";Arrière;"<i style=""color:#A5A5A5"">NC</i>";A excitation (synchrone);"<i style=""color:#A5A5A5"">NC</i>";;;;;111.5 kWh;105.2 kWh;Type 2;CCS Combo;11 kW;200 kW;Liquide;;28 min. à 200 kW / 46 min. à 120 kW;39h27 à 2.3 kW;30h14 à 3 kW;8h15 à 11 kW;720 km;19.8 kWh/100km;Oui;;4X4;1;4.953 m;3 m;1.695 m;1.967 m;500 Litres;2585 kg;;;Double triangle;Multibras;Thermique;CLAR;235/60 R 20;
Porsche;Taycan;2020;108600 €;435 ch;640 Nm;4 secondes;250 km/h;Avant;"<i style=""color:#A5A5A5"">NC</i>";Aimant permanent (synchrone);"<i style=""color:#A5A5A5"">NC</i>";Arrière;"<i style=""color:#A5A5A5"">NC</i>";Aimant permanent (synchrone);"<i style=""color:#A5A5A5"">NC</i>";;;;;79.2 kWh;71 kWh;Type 2;CCS Combo;22 kW;270 kW;Liquide;;25 min. à 270 kW / 35 min. à 120 kW;27h49 à 2.3 kW;21h20 à 3 kW;2h55 à 22 kW;407 km;24.6 kWh/100km;Oui;;4X4;2;4.963 m;2.9 m;1.379 m;1.966 m;488 Litres;2215 kg;81/407 Litres;;Double triangle;Multibras;Electrique;PPE;225/45 R 19;275/45 R 19
Porsche;Taycan;2020;115200 €;490 ch;650 Nm;4 secondes;250 km/h;Avant;"<i style=""color:#A5A5A5"">NC</i>";Aimant permanent (synchrone);"<i style=""color:#A5A5A5"">NC</i>";Arrière;"<i style=""color:#A5A5A5"">NC</i>";Aimant permanent (synchrone);"<i style=""color:#A5A5A5"">NC</i>";;;;;93.4 kWh;83.7 kWh;Type 2;CCS Combo;22 kW;270 kW;Liquide;;29 min. à 270 kW / 41 min. à 120 kW;32h45 à 2.3 kW;25h07 à 3 kW;3h25 à 22 kW;463 km;25.6 kWh/100km;Oui;;4X4;2;4.963 m;2.9 m;1.379 m;1.966 m;488 Litres;2295 kg;81/407 Litres;;Double triangle;Multibras;Electrique;PPE;225/45 R 19;275/45 R 19
Porsche;Taycan;2021;96454 €;380 ch;500 Nm;5.1 secondes;220 km/h;Avant;"<i style=""color:#A5A5A5"">NC</i>";Aimant permanent (synchrone);"<i style=""color:#A5A5A5"">NC</i>";Arrière;"<i style=""color:#A5A5A5"">NC</i>";Aimant permanent (synchrone);"<i style=""color:#A5A5A5"">NC</i>";;;;;93.4 kWh;83.7 kWh;Type 2;CCS Combo;22 kW;270 kW;Liquide;;29 min. à 270 kW / 41 min. à 120 kW;32h45 à 2.3 kW;25h07 à 3 kW;3h25 à 22 kW;456 km;28.1 kWh/100km;Oui;;4X4;2;4.974 m;2.9 m;1.41 m;1.967 m;530 Litres;2320 kg;84/446 Litres;;Double triangle;Multibras;Electrique;PPE;225/45 R 19;275/45 R 19
Porsche;Taycan;2021;114800 €;490 ch;650 Nm;4.1 secondes;240 km/h;Avant;"<i style=""color:#A5A5A5"">NC</i>";Aimant permanent (synchrone);"<i style=""color:#A5A5A5"">NC</i>";Arrière;"<i style=""color:#A5A5A5"">NC</i>";Aimant permanent (synchrone);"<i style=""color:#A5A5A5"">NC</i>";;;;;93.4 kWh;83.7 kWh;Type 2;CCS Combo;22 kW;270 kW;Liquide;;29 min. à 270 kW / 41 min. à 120 kW;32h45 à 2.3 kW;25h07 à 3 kW;3h25 à 22 kW;452 km;28.1 kWh/100km;Oui;;4X4;2;4.974 m;2.9 m;1.41 m;1.967 m;530 Litres;2320 kg;84/446 Litres;;Double triangle;Multibras;Electrique;PPE;225/45 R 19;275/45 R 19
Tesla;Model;2018;99990 €;520 ch;660 Nm;4.4 secondes;250 km/h;Avant;"<i style=""color:#A5A5A5"">NC</i>";Aimant permanent + réluctance variable (synchrone);"<i style=""color:#A5A5A5"">NC</i>";Arrière;"<i style=""color:#A5A5A5"">NC</i>";A induction (asynchrone);"<i style=""color:#A5A5A5"">NC</i>";;;;;98 kWh;93 kWh;Type 2;Type 2;22 kW;200 kW;Liquide;;31 min. à 200 kW / 42 min. à 120 kW;34h31 à 2.3 kW;26h28 à 3 kW;3h36 à 22 kW;652 km;"<i style=""color:#A5A5A5"">NC</i>";Oui;;4X4;1;4.98 m;2.96 m;1.44 m;1.96 m;740 Litres;2215 kg;90/650 Litres;;Double triangle;Multibras;Electrique;"<i style=""color:#A5A5A5"">NC</i>";245/45 R 19;
Tesla;Model;2018;99990 €;760 ch;980 Nm;4.6 secondes;250 km/h;Avant;"<i style=""color:#A5A5A5"">NC</i>";Aimant permanent + réluctance variable (synchrone);"<i style=""color:#A5A5A5"">NC</i>";Arrière;"<i style=""color:#A5A5A5"">NC</i>";A induction (asynchrone);"<i style=""color:#A5A5A5"">NC</i>";;;;;98 kWh;93 kWh;Type 2;Type 2;22 kW;200 kW;Liquide;;31 min. à 200 kW / 42 min. à 120 kW;34h31 à 2.3 kW;26h28 à 3 kW;3h36 à 22 kW;507 km;"<i style=""color:#A5A5A5"">NC</i>";Non;;4X4;1;5.04 m;2.97 m;1.68 m;2 m;845 Litres;2535 kg;125/720 Litres;;Double triangle;Multibras;Electrique;"<i style=""color:#A5A5A5"">NC</i>";255/45 R 20;
Audi;E-Tron;2021;140700 €;476 ch;630 Nm;4.1 secondes;245 km/h;Avant;238 ch;A induction (asynchrone);"<i style=""color:#A5A5A5"">NC</i>";Arrière;435 ch;Aimant permanent (synchrone);"<i style=""color:#A5A5A5"">NC</i>";;;;;93.4 kWh;87.3 kWh;Type 2;CCS Combo;22 kW;270 kW;Liquide;;29 min. à 270 kW / 41 min. à 120 kW;32h45 à 2.3 kW;25h07 à 3 kW;3h25 à 22 kW;488 km;20.8 kWh/100km;Oui;;4X4;2;4.989 m;2.9 m;1.414 m;1.964 m;490 Litres;2276 kg;85/405 Litres;;Double triangle;Multibras;Electrique;PPE;225/45 R 19;275/45 R 19
BMW;iX;2021;132000 €;540 ch;1100 Nm;3.8 secondes;250 km/h;Avant;"<i style=""color:#A5A5A5"">NC</i>";A excitation (synchrone);"<i style=""color:#A5A5A5"">NC</i>";Arrière;"<i style=""color:#A5A5A5"">NC</i>";A excitation (synchrone);"<i style=""color:#A5A5A5"">NC</i>";;;;;111.5 kWh;105.2 kWh;Type 2;CCS Combo;11 kW;200 kW;Liquide;;28 min. à 200 kW / 46 min. à 120 kW;39h27 à 2.3 kW;30h14 à 3 kW;8h15 à 11 kW;720 km;19.8 kWh/100km;Oui;;4X4;1;4.953 m;3 m;1.695 m;1.967 m;500 Litres;2659 kg;;;Double triangle;Multibras;Thermique;CLAR;235/60 R 20;
Mercedes;EQS;2021;127250 €;333 ch;565 Nm;6.2 secondes;210 km/h;Arrière;333 ch;Aimant permanent (synchrone);565 Nm;;;;;;;;;120 kWh;107.8 kWh;Type 2;CCS Combo;11 kW;200 kW;Liquide;;30 min. à 200 kW / 50 min. à 120 kW;42h16 à 2.3 kW;32h24 à 3 kW;8h50 à 11 kW;729 km;17 kWh/100km;Oui;;Propulsion;1;5.322 m;3.21 m;1.512 m;1.926 m;610 Litres;2480 kg;;;Double triangle;Multibras;Electrique;"<i style=""color:#A5A5A5"">NC</i>";235/55 R 19 ;
Mercedes;EQS;2021;152800 €;523 ch;855 Nm;4.3 secondes;210 km/h;Avant;"<i style=""color:#A5A5A5"">NC</i>";Aimant permanent (synchrone);"<i style=""color:#A5A5A5"">NC</i>";Arrière;"<i style=""color:#A5A5A5"">NC</i>";Aimant permanent (synchrone);"<i style=""color:#A5A5A5"">NC</i>";;;;;120 kWh;107.8 kWh;Type 2;CCS Combo;11 kW;200 kW;Liquide;;30 min. à 200 kW / 50 min. à 120 kW;42h16 à 2.3 kW;32h24 à 3 kW;8h50 à 11 kW;651 km;19.1 kWh/100km;Oui;;4X4;1;5.322 m;3.21 m;1.512 m;1.926 m;610 Litres;2585 kg;;;Double triangle;Multibras;Electrique;"<i style=""color:#A5A5A5"">NC</i>";255/45 R 20 ;
Porsche;Taycan;2020;155500 €;625 ch;850 Nm;3.2 secondes;260 km/h;Avant;"<i style=""color:#A5A5A5"">NC</i>";Aimant permanent (synchrone);"<i style=""color:#A5A5A5"">NC</i>";Arrière;"<i style=""color:#A5A5A5"">NC</i>";Aimant permanent (synchrone);"<i style=""color:#A5A5A5"">NC</i>";;;;;93.4 kWh;83.7 kWh;Type 2;CCS Combo;22 kW;270 kW;Liquide;;29 min. à 270 kW / 41 min. à 120 kW;32h45 à 2.3 kW;25h07 à 3 kW;3h25 à 22 kW;450 km;26 kWh/100km;Oui;;4X4;2;4.963 m;2.9 m;1.379 m;1.966 m;447 Litres;2380 kg;81/366 Litres;;Double triangle;Multibras;Electrique;PPE;245/45 R 20;285/40 R 20
Porsche;Taycan;2020;189150 €;625 ch;1050 Nm;2.8 secondes;260 km/h;Avant;"<i style=""color:#A5A5A5"">NC</i>";Aimant permanent (synchrone);"<i style=""color:#A5A5A5"">NC</i>";Arrière;"<i style=""color:#A5A5A5"">NC</i>";Aimant permanent (synchrone);"<i style=""color:#A5A5A5"">NC</i>";;;;;93.4 kWh;83.7 kWh;Type 2;CCS Combo;22 kW;270 kW;Liquide;;29 min. à 270 kW / 41 min. à 120 kW;32h45 à 2.3 kW;25h07 à 3 kW;3h25 à 22 kW;412 km;26.9 kWh/100km;Oui;;4X4;2;4.963 m;2.9 m;1.379 m;1.966 m;447 Litres;2370 kg;81/366 Litres;;Double triangle;Multibras;Electrique;PPE;265/35 R 21;305/30 R 21
Porsche;Taycan;2021;157774 €;625 ch;850 Nm;3.3 secondes;250 km/h;Avant;"<i style=""color:#A5A5A5"">NC</i>";Aimant permanent (synchrone);"<i style=""color:#A5A5A5"">NC</i>";Arrière;"<i style=""color:#A5A5A5"">NC</i>";Aimant permanent (synchrone);"<i style=""color:#A5A5A5"">NC</i>";;;;;93.4 kWh;83.7 kWh;Type 2;CCS Combo;22 kW;270 kW;Liquide;;29 min. à 270 kW / 41 min. à 120 kW;32h45 à 2.3 kW;25h07 à 3 kW;3h25 à 22 kW;452 km;28.7 kWh/100km;Oui;;4X4;2;4.974 m;2.9 m;1.41 m;1.967 m;489 Litres;2395 kg;84/405 Litres;;Double triangle;Multibras;Electrique;PPE;245/45 R 20;285/40 R 20
Porsche;Taycan;2021;191400 €;625 ch;1050 Nm;2.9 secondes;250 km/h;Avant;"<i style=""color:#A5A5A5"">NC</i>";Aimant permanent (synchrone);"<i style=""color:#A5A5A5"">NC</i>";Arrière;"<i style=""color:#A5A5A5"">NC</i>";Aimant permanent (synchrone);"<i style=""color:#A5A5A5"">NC</i>";;;;;93.4 kWh;83.7 kWh;Type 2;CCS Combo;22 kW;270 kW;Liquide;;29 min. à 270 kW / 41 min. à 120 kW;32h45 à 2.3 kW;25h07 à 3 kW;3h25 à 22 kW;419 km;29.4 kWh/100km;Oui;;4X4;2;4.974 m;2.9 m;1.41 m;1.967 m;489 Litres;2395 kg;84/405 Litres;;Double triangle;Multibras;Electrique;PPE;265/35 R 21;305/30 R 21
