nom_amenageur,siren_amenageur,contact_amenageur,nom_operateur,contact_operateur,telephone_operateur,nom_enseigne,id_station_itinerance,id_station_local,nom_station,implantation_station,adresse_station,code_insee_commune,coordonneesXY,nbre_pdc,id_pdc_itinerance,id_pdc_local,puissance_nominale,prise_type_ef,prise_type_2,prise_type_combo_ccs,prise_type_chademo,prise_type_autre,gratuit,paiement_acte,paiement_cb,paiement_autre,tarification,condition_acces,reservation,horaires,accessibilite_pmr,restriction_gabarit,station_deux_roues,raccordement,num_pdl,date_mise_en_service,observations,date_maj
MOBIVE - SDEER 17,251702197,f-a.de-ferrieres@sdeer17.fr,Izivia,sav@izivia.com,0972668001,MOBIVE - SDEER 17,FRS17PMB17112,FR*SOD*S*MB17*1*1*_*_,SAUJON - PLACE RICHELIEU,Voirie,PLACE RICHELIEU,17600,"[45.676244,-0.925464]",2,FRS17EMB17112,FR*SOD*E*MB17*1*1*2*_,50000,false,false,false,true,false,false,true,false,true,"",Accès libre,false,24/7,Accessibilité inconnue,Aucune Restriction,false,Direct,N/A,2020-05-28,Conditions accès aux bornes dépendantes des accords et formules de votre EMSP,2023-04-03
MOBIVE - SDEER 17,251702197,f-a.de-ferrieres@sdeer17.fr,Izivia,sav@izivia.com,0972668001,MOBIVE - SDEER 17,FRS17PMB17111,FR*SOD*S*MB17*1*1*_*_,SAUJON - PLACE RICHELIEU,Voirie,PLACE RICHELIEU,17600,"[45.676244,-0.925464]",2,FRS17EMB17111,FR*SOD*E*MB17*1*1*1*_,43000,false,true,false,false,false,false,true,false,true,"",Accès libre,false,24/7,Accessibilité inconnue,Aucune Restriction,false,Direct,N/A,2020-05-28,Conditions accès aux bornes dépendantes des accords et formules de votre EMSP,2023-04-03
MOBIVE - SDEER 17,251702197,f-a.de-ferrieres@sdeer17.fr,Izivia,sav@izivia.com,0972668001,MOBIVE - SDEER 17,FRS17PMB17112,FR*SOD*S*MB17*1*1*_*_,SAUJON - PLACE RICHELIEU,Voirie,PLACE RICHELIEU,17600,"[45.676244,-0.925464]",2,FRS17EMB17112,FR*SOD*E*MB17*1*1*2*_,50000,false,false,true,false,false,false,true,false,true,"",Accès libre,false,24/7,Accessibilité inconnue,Aucune Restriction,false,Direct,N/A,2020-05-28,Conditions accès aux bornes dépendantes des accords et formules de votre EMSP,2023-04-03
MOBIVE - SDEER 17,251702197,f-a.de-ferrieres@sdeer17.fr,Izivia,sav@izivia.com,0972668001,MOBIVE - SDEER 17,FRS17PMB17212,FR*SOD*S*MB17*2*1*_*_,SURGERES - PLACE DU CHATEAU,Voirie,PLACE DU CHÂTEAU,17700,"[46.104744,-0.752427]",2,FRS17EMB17212,FR*SOD*E*MB17*2*1*2*_,50000,false,false,false,true,false,false,true,false,true,"",Accès libre,false,24/7,Accessibilité inconnue,Aucune Restriction,false,Direct,N/A,2020-05-28,Conditions accès aux bornes dépendantes des accords et formules de votre EMSP,2023-04-03
MOBIVE - SDEER 17,251702197,f-a.de-ferrieres@sdeer17.fr,Izivia,sav@izivia.com,0972668001,MOBIVE - SDEER 17,FRS17PMB17212,FR*SOD*S*MB17*2*1*_*_,SURGERES - PLACE DU CHATEAU,Voirie,PLACE DU CHÂTEAU,17700,"[46.104744,-0.752427]",2,FRS17EMB17212,FR*SOD*E*MB17*2*1*2*_,50000,false,false,true,false,false,false,true,false,true,"",Accès libre,false,24/7,Accessibilité inconnue,Aucune Restriction,false,Direct,N/A,2020-05-28,Conditions accès aux bornes dépendantes des accords et formules de votre EMSP,2023-04-03
MOBIVE - SDEER 17,251702197,f-a.de-ferrieres@sdeer17.fr,Izivia,sav@izivia.com,0972668001,MOBIVE - SDEER 17,FRS17PMB17211,FR*SOD*S*MB17*2*1*_*_,SURGERES - PLACE DU CHATEAU,Voirie,PLACE DU CHÂTEAU,17700,"[46.104744,-0.752427]",2,FRS17EMB17211,FR*SOD*E*MB17*2*1*1*_,43000,false,true,false,false,false,false,true,false,true,"",Accès libre,false,24/7,Accessibilité inconnue,Aucune Restriction,false,Direct,N/A,2020-05-28,Conditions accès aux bornes dépendantes des accords et formules de votre EMSP,2023-04-03
MOBIVE - SDEER 17,251702197,f-a.de-ferrieres@sdeer17.fr,Izivia,sav@izivia.com,0972668001,MOBIVE - SDEER 17,FRS17PMB17312,FR*SOD*S*MB17*3*1*_*_,MONTLIEU LA GARDE - MAISON DE LA FORET,Voirie,MAISON DE LA FORÊT,17210,"[45.243315,-0.272705]",2,FRS17EMB17312,FR*SOD*E*MB17*3*1*2*_,50000,false,false,true,false,false,false,true,false,true,"",Accès libre,false,24/7,Accessibilité inconnue,Aucune Restriction,false,Direct,N/A,2020-05-28,Conditions accès aux bornes dépendantes des accords et formules de votre EMSP,2023-04-03
MOBIVE - SDEER 17,251702197,f-a.de-ferrieres@sdeer17.fr,Izivia,sav@izivia.com,0972668001,MOBIVE - SDEER 17,FRS17PMB17312,FR*SOD*S*MB17*3*1*_*_,MONTLIEU LA GARDE - MAISON DE LA FORET,Voirie,MAISON DE LA FORÊT,17210,"[45.243315,-0.272705]",2,FRS17EMB17312,FR*SOD*E*MB17*3*1*2*_,50000,false,false,false,true,false,false,true,false,true,"",Accès libre,false,24/7,Accessibilité inconnue,Aucune Restriction,false,Direct,N/A,2020-05-28,Conditions accès aux bornes dépendantes des accords et formules de votre EMSP,2023-04-03
MOBIVE - SDEER 17,251702197,f-a.de-ferrieres@sdeer17.fr,Izivia,sav@izivia.com,0972668001,MOBIVE - SDEER 17,FRS17PMB17311,FR*SOD*S*MB17*3*1*_*_,MONTLIEU LA GARDE - MAISON DE LA FORET,Voirie,MAISON DE LA FORÊT,17210,"[45.243315,-0.272705]",2,FRS17EMB17311,FR*SOD*E*MB17*3*1*1*_,43000,false,true,false,false,false,false,true,false,true,"",Accès libre,false,24/7,Accessibilité inconnue,Aucune Restriction,false,Direct,N/A,2020-05-28,Conditions accès aux bornes dépendantes des accords et formules de votre EMSP,2023-04-03
MOBIVE - SDEER 17,251702197,f-a.de-ferrieres@sdeer17.fr,Izivia,sav@izivia.com,0972668001,MOBIVE - SDEER 17,FRS17PMB17411,FR*SOD*S*MB17*4*1*_*_,SAINTES - ZI DE LORMEAU DE PIED,Voirie,ZI DE LORMEAU DE PIED,17100,"[45.747971,-0.663373]",1,FRS17EMB17411,FR*SOD*E*MB17*4*1*1*_,22000,true,true,false,false,false,false,true,false,true,"",Accès libre,false,24/7,Accessibilité inconnue,Aucune Restriction,false,Direct,N/A,2020-06-08,Conditions accès aux bornes dépendantes des accords et formules de votre EMSP,2023-04-03
MOBIVE - SDEER 17,251702197,f-a.de-ferrieres@sdeer17.fr,Izivia,sav@izivia.com,0972668001,MOBIVE - SDEER 17,FRS17PMB17511,FR*SOD*S*MB17*5*1*_*_,PONS - PLACE DES MARRONNIERS,Voirie,PLACE DES MARRONNIERS,17800,"[45.577977,-0.548559]",2,FRS17EMB17511,FR*SOD*E*MB17*5*1*1*_,43000,false,true,false,false,false,false,true,false,true,"",Accès libre,false,24/7,Accessibilité inconnue,Aucune Restriction,false,Direct,N/A,2020-05-28,Conditions accès aux bornes dépendantes des accords et formules de votre EMSP,2023-04-03
MOBIVE - SDEER 17,251702197,f-a.de-ferrieres@sdeer17.fr,Izivia,sav@izivia.com,0972668001,MOBIVE - SDEER 17,FRS17PMB17512,FR*SOD*S*MB17*5*1*_*_,PONS - PLACE DES MARRONNIERS,Voirie,PLACE DES MARRONNIERS,17800,"[45.577977,-0.548559]",2,FRS17EMB17512,FR*SOD*E*MB17*5*1*2*_,50000,false,false,true,false,false,false,true,false,true,"",Accès libre,false,24/7,Accessibilité inconnue,Aucune Restriction,false,Direct,N/A,2020-05-28,Conditions accès aux bornes dépendantes des accords et formules de votre EMSP,2023-04-03
MOBIVE - SDEER 17,251702197,f-a.de-ferrieres@sdeer17.fr,Izivia,sav@izivia.com,0972668001,MOBIVE - SDEER 17,FRS17PMB17512,FR*SOD*S*MB17*5*1*_*_,PONS - PLACE DES MARRONNIERS,Voirie,PLACE DES MARRONNIERS,17800,"[45.577977,-0.548559]",2,FRS17EMB17512,FR*SOD*E*MB17*5*1*2*_,50000,false,false,false,true,false,false,true,false,true,"",Accès libre,false,24/7,Accessibilité inconnue,Aucune Restriction,false,Direct,N/A,2020-05-28,Conditions accès aux bornes dépendantes des accords et formules de votre EMSP,2023-04-03
MOBIVE - SDEER 17,251702197,f-a.de-ferrieres@sdeer17.fr,Izivia,sav@izivia.com,0972668001,MOBIVE - SDEER 17,FRS17PMB17612,FR*SOD*S*MB17*6*1*_*_,RIVEDOUX - PLACE DES LIONS,Voirie,PLACE DES LIONS,17940,"[46.159822,-1.276077]",2,FRS17EMB17612,FR*SOD*E*MB17*6*1*2*_,50000,false,false,true,false,false,false,true,false,true,"",Accès libre,false,24/7,Accessibilité inconnue,Aucune Restriction,false,Direct,N/A,2020-06-08,Conditions accès aux bornes dépendantes des accords et formules de votre EMSP,2023-04-03
MOBIVE - SDEER 17,251702197,f-a.de-ferrieres@sdeer17.fr,Izivia,sav@izivia.com,0972668001,MOBIVE - SDEER 17,FRS17PMB17611,FR*SOD*S*MB17*6*1*_*_,RIVEDOUX - PLACE DES LIONS,Voirie,PLACE DES LIONS,17940,"[46.159822,-1.276077]",2,FRS17EMB17611,FR*SOD*E*MB17*6*1*1*_,43000,false,true,false,false,false,false,true,false,true,"",Accès libre,false,24/7,Accessibilité inconnue,Aucune Restriction,false,Direct,N/A,2020-06-08,Conditions accès aux bornes dépendantes des accords et formules de votre EMSP,2023-04-03
MOBIVE - SDEER 17,251702197,f-a.de-ferrieres@sdeer17.fr,Izivia,sav@izivia.com,0972668001,MOBIVE - SDEER 17,FRS17PMB17612,FR*SOD*S*MB17*6*1*_*_,RIVEDOUX - PLACE DES LIONS,Voirie,PLACE DES LIONS,17940,"[46.159822,-1.276077]",2,FRS17EMB17612,FR*SOD*E*MB17*6*1*2*_,50000,false,false,false,true,false,false,true,false,true,"",Accès libre,false,24/7,Accessibilité inconnue,Aucune Restriction,false,Direct,N/A,2020-06-08,Conditions accès aux bornes dépendantes des accords et formules de votre EMSP,2023-04-03
MOBIVE - SDEER 17,251702197,f-a.de-ferrieres@sdeer17.fr,Izivia,sav@izivia.com,0972668001,MOBIVE - SDEER 17,FRS17PMB17712,FR*SOD*S*MB17*7*1*_*_,PUILBOREAU - PLACE JEAN FLIPPI,Voirie,PLACE JEAN FLIPPI,17138,"[46.185988,-1.116179]",2,FRS17EMB17712,FR*SOD*E*MB17*7*1*2*_,50000,false,false,false,true,false,false,true,false,true,"",Accès libre,false,24/7,Accessibilité inconnue,Aucune Restriction,false,Direct,N/A,2020-06-18,Conditions accès aux bornes dépendantes des accords et formules de votre EMSP,2023-04-03
MOBIVE - SDEER 17,251702197,f-a.de-ferrieres@sdeer17.fr,Izivia,sav@izivia.com,0972668001,MOBIVE - SDEER 17,FRS17PMB17711,FR*SOD*S*MB17*7*1*_*_,PUILBOREAU - PLACE JEAN FLIPPI,Voirie,PLACE JEAN FLIPPI,17138,"[46.185988,-1.116179]",2,FRS17EMB17711,FR*SOD*E*MB17*7*1*1*_,43000,false,true,false,false,false,false,true,false,true,"",Accès libre,false,24/7,Accessibilité inconnue,Aucune Restriction,false,Direct,N/A,2020-06-18,Conditions accès aux bornes dépendantes des accords et formules de votre EMSP,2023-04-03
MOBIVE - SDEER 17,251702197,f-a.de-ferrieres@sdeer17.fr,Izivia,sav@izivia.com,0972668001,MOBIVE - SDEER 17,FRS17PMB17712,FR*SOD*S*MB17*7*1*_*_,PUILBOREAU - PLACE JEAN FLIPPI,Voirie,PLACE JEAN FLIPPI,17138,"[46.185988,-1.116179]",2,FRS17EMB17712,FR*SOD*E*MB17*7*1*2*_,50000,false,false,true,false,false,false,true,false,true,"",Accès libre,false,24/7,Accessibilité inconnue,Aucune Restriction,false,Direct,N/A,2020-06-18,Conditions accès aux bornes dépendantes des accords et formules de votre EMSP,2023-04-03
MOBIVE - SDEER 17,251702197,f-a.de-ferrieres@sdeer17.fr,Izivia,sav@izivia.com,0972668001,MOBIVE - SDEER 17,FRS17PMB17811,FR*SOD*S*MB17*8*1*_*_,SAINT JEAN DANGELY - PLACE DES MARTYRS,Voirie,PLACE DES MARTYRS,17400,"[45.945680,-0.517812]",2,FRS17EMB17811,FR*SOD*E*MB17*8*1*1*_,43000,false,true,false,false,false,false,true,false,true,"",Accès libre,false,24/7,Accessibilité inconnue,Aucune Restriction,false,Direct,N/A,2020-06-18,Conditions accès aux bornes dépendantes des accords et formules de votre EMSP,2023-04-03
MOBIVE - SDEER 17,251702197,f-a.de-ferrieres@sdeer17.fr,Izivia,sav@izivia.com,0972668001,MOBIVE - SDEER 17,FRS17PMB17812,FR*SOD*S*MB17*8*1*_*_,SAINT JEAN DANGELY - PLACE DES MARTYRS,Voirie,PLACE DES MARTYRS,17400,"[45.945680,-0.517812]",2,FRS17EMB17812,FR*SOD*E*MB17*8*1*2*_,50000,false,false,false,true,false,false,true,false,true,"",Accès libre,false,24/7,Accessibilité inconnue,Aucune Restriction,false,Direct,N/A,2020-06-18,Conditions accès aux bornes dépendantes des accords et formules de votre EMSP,2023-04-03
MOBIVE - SDEER 17,251702197,f-a.de-ferrieres@sdeer17.fr,Izivia,sav@izivia.com,0972668001,MOBIVE - SDEER 17,FRS17PMB17812,FR*SOD*S*MB17*8*1*_*_,SAINT JEAN DANGELY - PLACE DES MARTYRS,Voirie,PLACE DES MARTYRS,17400,"[45.945680,-0.517812]",2,FRS17EMB17812,FR*SOD*E*MB17*8*1*2*_,50000,false,false,true,false,false,false,true,false,true,"",Accès libre,false,24/7,Accessibilité inconnue,Aucune Restriction,false,Direct,N/A,2020-06-18,Conditions accès aux bornes dépendantes des accords et formules de votre EMSP,2023-04-03
MOBIVE - SDEER 17,251702197,f-a.de-ferrieres@sdeer17.fr,Izivia,sav@izivia.com,0972668001,MOBIVE - SDEER 17,FRS17PMB17912,FR*SOD*S*MB17*9*1*_*_,DOLUS - PASSAGE DE LA CURE,Voirie,PASSAGE DE LA CURE,17550,"[45.910990,-1.265068]",2,FRS17EMB17912,FR*SOD*E*MB17*9*1*2*_,50000,false,false,false,true,false,false,true,false,true,"",Accès libre,false,24/7,Accessibilité inconnue,Aucune Restriction,false,Direct,N/A,2020-06-18,Conditions accès aux bornes dépendantes des accords et formules de votre EMSP,2023-04-03
MOBIVE - SDEER 17,251702197,f-a.de-ferrieres@sdeer17.fr,Izivia,sav@izivia.com,0972668001,MOBIVE - SDEER 17,FRS17PMB17911,FR*SOD*S*MB17*9*1*_*_,DOLUS - PASSAGE DE LA CURE,Voirie,PASSAGE DE LA CURE,17550,"[45.910990,-1.265068]",2,FRS17EMB17911,FR*SOD*E*MB17*9*1*1*_,43000,false,true,false,false,false,false,true,false,true,"",Accès libre,false,24/7,Accessibilité inconnue,Aucune Restriction,false,Direct,N/A,2020-06-18,Conditions accès aux bornes dépendantes des accords et formules de votre EMSP,2023-04-03
MOBIVE - SDEER 17,251702197,f-a.de-ferrieres@sdeer17.fr,Izivia,sav@izivia.com,0972668001,MOBIVE - SDEER 17,FRS17PMB17912,FR*SOD*S*MB17*9*1*_*_,DOLUS - PASSAGE DE LA CURE,Voirie,PASSAGE DE LA CURE,17550,"[45.910990,-1.265068]",2,FRS17EMB17912,FR*SOD*E*MB17*9*1*2*_,50000,false,false,true,false,false,false,true,false,true,"",Accès libre,false,24/7,Accessibilité inconnue,Aucune Restriction,false,Direct,N/A,2020-06-18,Conditions accès aux bornes dépendantes des accords et formules de votre EMSP,2023-04-03
MOBIVE - SDEER 17,251702197,f-a.de-ferrieres@sdeer17.fr,Izivia,sav@izivia.com,0972668001,MOBIVE - SDEER 17,FRS17PMB171012,FR*SOD*S*MB17*10*1*_*_,PERIGNY - PARKING DE LA MAIRIE,Voirie,PARKING DE LA MAIRIE,17180,"[46.152379,-1.094403]",2,FRS17EMB171012,FR*SOD*E*MB17*10*1*2*_,50000,false,false,true,false,false,false,true,false,true,"",Accès libre,false,24/7,Accessibilité inconnue,Aucune Restriction,false,Direct,N/A,2020-08-20,Conditions accès aux bornes dépendantes des accords et formules de votre EMSP,2023-04-03
MOBIVE - SDEER 17,251702197,f-a.de-ferrieres@sdeer17.fr,Izivia,sav@izivia.com,0972668001,MOBIVE - SDEER 17,FRS17PMB171011,FR*SOD*S*MB17*10*1*_*_,PERIGNY - PARKING DE LA MAIRIE,Voirie,PARKING DE LA MAIRIE,17180,"[46.152379,-1.094403]",2,FRS17EMB171011,FR*SOD*E*MB17*10*1*1*_,43000,false,true,false,false,false,false,true,false,true,"",Accès libre,false,24/7,Accessibilité inconnue,Aucune Restriction,false,Direct,N/A,2020-08-20,Conditions accès aux bornes dépendantes des accords et formules de votre EMSP,2023-04-03
MOBIVE - SDEER 17,251702197,f-a.de-ferrieres@sdeer17.fr,Izivia,sav@izivia.com,0972668001,MOBIVE - SDEER 17,FRS17PMB171012,FR*SOD*S*MB17*10*1*_*_,PERIGNY - PARKING DE LA MAIRIE,Voirie,PARKING DE LA MAIRIE,17180,"[46.152379,-1.094403]",2,FRS17EMB171012,FR*SOD*E*MB17*10*1*2*_,50000,false,false,false,true,false,false,true,false,true,"",Accès libre,false,24/7,Accessibilité inconnue,Aucune Restriction,false,Direct,N/A,2020-08-20,Conditions accès aux bornes dépendantes des accords et formules de votre EMSP,2023-04-03
MOBIVE - SDEER 17,251702197,f-a.de-ferrieres@sdeer17.fr,Izivia,sav@izivia.com,0972668001,MOBIVE - SDEER 17,FRS17PMB171111,FR*SOD*S*MB17*11*1*_*_,ROYAN - PLACE CHARLES DE GAULLE,Voirie,PLACE CHARLES DE GAULLE,17200,"[45.624614,-1.029349]",2,FRS17EMB171111,FR*SOD*E*MB17*11*1*1*_,43000,false,true,false,false,false,false,true,false,true,"",Accès libre,false,24/7,Accessibilité inconnue,Aucune Restriction,false,Direct,N/A,2020-08-25,Conditions accès aux bornes dépendantes des accords et formules de votre EMSP,2023-04-03
MOBIVE - SDEER 17,251702197,f-a.de-ferrieres@sdeer17.fr,Izivia,sav@izivia.com,0972668001,MOBIVE - SDEER 17,FRS17PMB171112,FR*SOD*S*MB17*11*1*_*_,ROYAN - PLACE CHARLES DE GAULLE,Voirie,PLACE CHARLES DE GAULLE,17200,"[45.624614,-1.029349]",2,FRS17EMB171112,FR*SOD*E*MB17*11*1*2*_,50000,false,false,true,false,false,false,true,false,true,"",Accès libre,false,24/7,Accessibilité inconnue,Aucune Restriction,false,Direct,N/A,2020-08-25,Conditions accès aux bornes dépendantes des accords et formules de votre EMSP,2023-04-03
MOBIVE - SDEER 17,251702197,f-a.de-ferrieres@sdeer17.fr,Izivia,sav@izivia.com,0972668001,MOBIVE - SDEER 17,FRS17PMB171112,FR*SOD*S*MB17*11*1*_*_,ROYAN - PLACE CHARLES DE GAULLE,Voirie,PLACE CHARLES DE GAULLE,17200,"[45.624614,-1.029349]",2,FRS17EMB171112,FR*SOD*E*MB17*11*1*2*_,50000,false,false,false,true,false,false,true,false,true,"",Accès libre,false,24/7,Accessibilité inconnue,Aucune Restriction,false,Direct,N/A,2020-08-25,Conditions accès aux bornes dépendantes des accords et formules de votre EMSP,2023-04-03
MOBIVE - SDEER 17,251702197,f-a.de-ferrieres@sdeer17.fr,Izivia,sav@izivia.com,0972668001,MOBIVE - SDEER 17,FRS17PMB171212,FR*SOD*S*MB17*12*1*_*_,TONNAY CHARENTE - RUE DE LEGLISE,Voirie,RUE DE LÉGLISE,17430,"[45.943879,-0.892793]",2,FRS17EMB171212,FR*SOD*E*MB17*12*1*2*_,50000,false,false,false,true,false,false,true,false,true,"",Accès libre,false,24/7,Accessibilité inconnue,Aucune Restriction,false,Direct,N/A,2020-08-21,Conditions accès aux bornes dépendantes des accords et formules de votre EMSP,2023-04-03
MOBIVE - SDEER 17,251702197,f-a.de-ferrieres@sdeer17.fr,Izivia,sav@izivia.com,0972668001,MOBIVE - SDEER 17,FRS17PMB171211,FR*SOD*S*MB17*12*1*_*_,TONNAY CHARENTE - RUE DE LEGLISE,Voirie,RUE DE LÉGLISE,17430,"[45.943879,-0.892793]",2,FRS17EMB171211,FR*SOD*E*MB17*12*1*1*_,43000,false,true,false,false,false,false,true,false,true,"",Accès libre,false,24/7,Accessibilité inconnue,Aucune Restriction,false,Direct,N/A,2020-08-21,Conditions accès aux bornes dépendantes des accords et formules de votre EMSP,2023-04-03
MOBIVE - SDEER 17,251702197,f-a.de-ferrieres@sdeer17.fr,Izivia,sav@izivia.com,0972668001,MOBIVE - SDEER 17,FRS17PMB171212,FR*SOD*S*MB17*12*1*_*_,TONNAY CHARENTE - RUE DE LEGLISE,Voirie,RUE DE LÉGLISE,17430,"[45.943879,-0.892793]",2,FRS17EMB171212,FR*SOD*E*MB17*12*1*2*_,50000,false,false,true,false,false,false,true,false,true,"",Accès libre,false,24/7,Accessibilité inconnue,Aucune Restriction,false,Direct,N/A,2020-09-11,Conditions accès aux bornes dépendantes des accords et formules de votre EMSP,2023-04-03
MOBIVE - SDEER 17,251702197,f-a.de-ferrieres@sdeer17.fr,Izivia,sav@izivia.com,0972668001,MOBIVE - SDEER 17,FRS17PMB171312,FR*SOD*S*MB17*13*1*_*_,MIRAMBEAU - RUE DES ECOLES,Voirie,RUE DES ÉCOLES,17150,"[45.373002,-0.569505]",3,FRS17EMB171312,FR*SOD*E*MB17*13*1*2*_,50000,false,false,true,false,false,false,true,false,true,"",Accès libre,false,24/7,Accessibilité inconnue,Aucune Restriction,false,Direct,N/A,2021-02-10,Conditions accès aux bornes dépendantes des accords et formules de votre EMSP,2023-04-03
MOBIVE - SDEER 17,251702197,f-a.de-ferrieres@sdeer17.fr,Izivia,sav@izivia.com,0972668001,MOBIVE - SDEER 17,FRS17PMB171311,FR*SOD*S*MB17*13*1*_*_,MIRAMBEAU - RUE DES ECOLES,Voirie,RUE DES ÉCOLES,17150,"[45.373002,-0.569505]",3,FRS17EMB171311,FR*SOD*E*MB17*13*1*1*_,43000,false,true,false,false,false,false,true,false,true,"",Accès libre,false,24/7,Accessibilité inconnue,Aucune Restriction,false,Direct,N/A,2020-08-25,Conditions accès aux bornes dépendantes des accords et formules de votre EMSP,2023-04-03
MOBIVE - SDEER 17,251702197,f-a.de-ferrieres@sdeer17.fr,Izivia,sav@izivia.com,0972668001,MOBIVE - SDEER 17,FRS17PMB171312,FR*SOD*S*MB17*13*1*_*_,MIRAMBEAU - RUE DES ECOLES,Voirie,RUE DES ÉCOLES,17150,"[45.373002,-0.569505]",3,FRS17EMB171312,FR*SOD*E*MB17*13*1*2*_,50000,false,false,false,true,false,false,true,false,true,"",Accès libre,false,24/7,Accessibilité inconnue,Aucune Restriction,false,Direct,N/A,2020-08-25,Conditions accès aux bornes dépendantes des accords et formules de votre EMSP,2023-04-03
MOBIVE - SDEER 17,251702197,f-a.de-ferrieres@sdeer17.fr,Izivia,sav@izivia.com,0972668001,MOBIVE - SDEER 17,FRS17PMB171412,FR*SOD*S*MB17*14*1*_*_,SAINT MARTIN DE RE - RUE DU PERE IGNACE,Voirie,RUE DU PÈRE IGNACE,17410,"[46.200984,-1.367359]",2,FRS17EMB171412,FR*SOD*E*MB17*14*1*2*_,50000,false,false,true,false,false,false,true,false,true,"",Accès libre,false,24/7,Accessibilité inconnue,Aucune Restriction,false,Direct,N/A,2020-08-21,Conditions accès aux bornes dépendantes des accords et formules de votre EMSP,2023-04-03
MOBIVE - SDEER 17,251702197,f-a.de-ferrieres@sdeer17.fr,Izivia,sav@izivia.com,0972668001,MOBIVE - SDEER 17,FRS17PMB171412,FR*SOD*S*MB17*14*1*_*_,SAINT MARTIN DE RE - RUE DU PERE IGNACE,Voirie,RUE DU PÈRE IGNACE,17410,"[46.200984,-1.367359]",2,FRS17EMB171412,FR*SOD*E*MB17*14*1*2*_,50000,false,false,false,true,false,false,true,false,true,"",Accès libre,false,24/7,Accessibilité inconnue,Aucune Restriction,false,Direct,N/A,2020-08-21,Conditions accès aux bornes dépendantes des accords et formules de votre EMSP,2023-04-03
MOBIVE - SDEER 17,251702197,f-a.de-ferrieres@sdeer17.fr,Izivia,sav@izivia.com,0972668001,MOBIVE - SDEER 17,FRS17PMB171411,FR*SOD*S*MB17*14*1*_*_,SAINT MARTIN DE RE - RUE DU PERE IGNACE,Voirie,RUE DU PÈRE IGNACE,17410,"[46.200984,-1.367359]",2,FRS17EMB171411,FR*SOD*E*MB17*14*1*1*_,43000,false,true,false,false,false,false,true,false,true,"",Accès libre,false,24/7,Accessibilité inconnue,Aucune Restriction,false,Direct,N/A,2020-08-21,Conditions accès aux bornes dépendantes des accords et formules de votre EMSP,2023-04-03
MOBIVE - SDEER 17,251702197,f-a.de-ferrieres@sdeer17.fr,Izivia,sav@izivia.com,0972668001,MOBIVE - SDEER 17,FRS17PMB171512,FR*SOD*S*MB17*15*1*_*_,DOMPIERRE SUR MER - ESPACE MICHEL CREPEAU,Voirie,ESPACE MICHEL CRÉPEAU,17139,"[46.188736,-1.064226]",2,FRS17EMB171512,FR*SOD*E*MB17*15*1*2*_,50000,false,false,false,true,false,false,true,false,true,"",Accès libre,false,24/7,Accessibilité inconnue,Aucune Restriction,false,Direct,N/A,2020-08-20,Conditions accès aux bornes dépendantes des accords et formules de votre EMSP,2023-04-03
MOBIVE - SDEER 17,251702197,f-a.de-ferrieres@sdeer17.fr,Izivia,sav@izivia.com,0972668001,MOBIVE - SDEER 17,FRS17PMB171511,FR*SOD*S*MB17*15*1*_*_,DOMPIERRE SUR MER - ESPACE MICHEL CREPEAU,Voirie,ESPACE MICHEL CRÉPEAU,17139,"[46.188736,-1.064226]",2,FRS17EMB171511,FR*SOD*E*MB17*15*1*1*_,43000,false,true,false,false,false,false,true,false,true,"",Accès libre,false,24/7,Accessibilité inconnue,Aucune Restriction,false,Direct,N/A,2020-08-20,Conditions accès aux bornes dépendantes des accords et formules de votre EMSP,2023-04-03
MOBIVE - SDEER 17,251702197,f-a.de-ferrieres@sdeer17.fr,Izivia,sav@izivia.com,0972668001,MOBIVE - SDEER 17,FRS17PMB171512,FR*SOD*S*MB17*15*1*_*_,DOMPIERRE SUR MER - ESPACE MICHEL CREPEAU,Voirie,ESPACE MICHEL CRÉPEAU,17139,"[46.188736,-1.064226]",2,FRS17EMB171512,FR*SOD*E*MB17*15*1*2*_,50000,false,false,true,false,false,false,true,false,true,"",Accès libre,false,24/7,Accessibilité inconnue,Aucune Restriction,false,Direct,N/A,2020-08-20,Conditions accès aux bornes dépendantes des accords et formules de votre EMSP,2023-04-03
MOBIVE - SDEER 17,251702197,f-a.de-ferrieres@sdeer17.fr,Izivia,sav@izivia.com,0972668001,MOBIVE - SDEER 17,FRS17PMB171612,FR*SOD*S*MB17*16*1*_*_,SAINT GEORGES DOLERON - CHERAY PARKING GODEAU,Voirie,CHERAY PARKING GODEAU,17190,"[45.972849,-1.351954]",2,FRS17EMB171612,FR*SOD*E*MB17*16*1*2*_,50000,false,false,true,false,false,false,true,false,true,"",Accès libre,false,24/7,Accessibilité inconnue,Aucune Restriction,false,Direct,N/A,2020-10-14,Conditions accès aux bornes dépendantes des accords et formules de votre EMSP,2023-04-03
MOBIVE - SDEER 17,251702197,f-a.de-ferrieres@sdeer17.fr,Izivia,sav@izivia.com,0972668001,MOBIVE - SDEER 17,FRS17PMB171611,FR*SOD*S*MB17*16*1*_*_,SAINT GEORGES DOLERON - CHERAY PARKING GODEAU,Voirie,CHERAY PARKING GODEAU,17190,"[45.972849,-1.351954]",2,FRS17EMB171611,FR*SOD*E*MB17*16*1*1*_,43000,false,true,false,false,false,false,true,false,true,"",Accès libre,false,24/7,Accessibilité inconnue,Aucune Restriction,false,Direct,N/A,2020-10-14,Conditions accès aux bornes dépendantes des accords et formules de votre EMSP,2023-04-03
MOBIVE - SDEER 17,251702197,f-a.de-ferrieres@sdeer17.fr,Izivia,sav@izivia.com,0972668001,MOBIVE - SDEER 17,FRS17PMB171612,FR*SOD*S*MB17*16*1*_*_,SAINT GEORGES DOLERON - CHERAY PARKING GODEAU,Voirie,CHERAY PARKING GODEAU,17190,"[45.972849,-1.351954]",2,FRS17EMB171612,FR*SOD*E*MB17*16*1*2*_,50000,false,false,false,true,false,false,true,false,true,"",Accès libre,false,24/7,Accessibilité inconnue,Aucune Restriction,false,Direct,N/A,2020-10-14,Conditions accès aux bornes dépendantes des accords et formules de votre EMSP,2023-04-03
MOBIVE - SDEER 17,251702197,f-a.de-ferrieres@sdeer17.fr,Izivia,sav@izivia.com,0972668001,MOBIVE - SDEER 17,FRS17PMB171712,FR*SOD*S*MB17*17*1*_*_,SAINT GENIS DE SAINTONGE - RUE DU PONT BOUCHARD,Voirie,RUE DU PONT BOUCHARD,17240,"[45.480921,-0.568038]",2,FRS17EMB171712,FR*SOD*E*MB17*17*1*2*_,50000,false,false,false,true,false,false,true,false,true,"",Accès libre,false,24/7,Accessibilité inconnue,Aucune Restriction,false,Direct,N/A,2021-02-17,Conditions accès aux bornes dépendantes des accords et formules de votre EMSP,2023-04-03
MOBIVE - SDEER 17,251702197,f-a.de-ferrieres@sdeer17.fr,Izivia,sav@izivia.com,0972668001,MOBIVE - SDEER 17,FRS17PMB171711,FR*SOD*S*MB17*17*1*_*_,SAINT GENIS DE SAINTONGE - RUE DU PONT BOUCHARD,Voirie,RUE DU PONT BOUCHARD,17240,"[45.480921,-0.568038]",2,FRS17EMB171711,FR*SOD*E*MB17*17*1*1*_,43000,false,true,false,false,false,false,true,false,true,"",Accès libre,false,24/7,Accessibilité inconnue,Aucune Restriction,false,Direct,N/A,2021-02-17,Conditions accès aux bornes dépendantes des accords et formules de votre EMSP,2023-04-03
MOBIVE - SDEER 17,251702197,f-a.de-ferrieres@sdeer17.fr,Izivia,sav@izivia.com,0972668001,MOBIVE - SDEER 17,FRS17PMB171712,FR*SOD*S*MB17*17*1*_*_,SAINT GENIS DE SAINTONGE - RUE DU PONT BOUCHARD,Voirie,RUE DU PONT BOUCHARD,17240,"[45.480921,-0.568038]",2,FRS17EMB171712,FR*SOD*E*MB17*17*1*2*_,50000,false,false,true,false,false,false,true,false,true,"",Accès libre,false,24/7,Accessibilité inconnue,Aucune Restriction,false,Direct,N/A,2021-02-17,Conditions accès aux bornes dépendantes des accords et formules de votre EMSP,2023-04-03
MOBIVE - SDEER 17,251702197,f-a.de-ferrieres@sdeer17.fr,Izivia,sav@izivia.com,0972668001,MOBIVE - SDEER 17,FRS17PMB171812,FR*SOD*S*MB17*18*1*_*_,VAUX SUR MER,Voirie,PLACE FRANÇOIS COURTOT,17640,"[45.645390,-1.060593]",2,FRS17EMB171812,FR*SOD*E*MB17*18*1*2*_,50000,false,false,false,true,false,false,true,false,true,"",Accès libre,false,24/7,Accessibilité inconnue,Aucune Restriction,false,Direct,N/A,2020-09-29,Conditions accès aux bornes dépendantes des accords et formules de votre EMSP,2023-04-03
MOBIVE - SDEER 17,251702197,f-a.de-ferrieres@sdeer17.fr,Izivia,sav@izivia.com,0972668001,MOBIVE - SDEER 17,FRS17PMB171812,FR*SOD*S*MB17*18*1*_*_,VAUX SUR MER,Voirie,PLACE FRANÇOIS COURTOT,17640,"[45.645390,-1.060593]",2,FRS17EMB171812,FR*SOD*E*MB17*18*1*2*_,50000,false,false,true,false,false,false,true,false,true,"",Accès libre,false,24/7,Accessibilité inconnue,Aucune Restriction,false,Direct,N/A,2020-09-29,Conditions accès aux bornes dépendantes des accords et formules de votre EMSP,2023-04-03
MOBIVE - SDEER 17,251702197,f-a.de-ferrieres@sdeer17.fr,Izivia,sav@izivia.com,0972668001,MOBIVE - SDEER 17,FRS17PMB171811,FR*SOD*S*MB17*18*1*_*_,VAUX SUR MER,Voirie,PLACE FRANÇOIS COURTOT,17640,"[45.645390,-1.060593]",2,FRS17EMB171811,FR*SOD*E*MB17*18*1*1*_,43000,false,true,false,false,false,false,true,false,true,"",Accès libre,false,24/7,Accessibilité inconnue,Aucune Restriction,false,Direct,N/A,2020-09-29,Conditions accès aux bornes dépendantes des accords et formules de votre EMSP,2023-04-03
MOBIVE - SDEER 17,251702197,f-a.de-ferrieres@sdeer17.fr,Izivia,sav@izivia.com,0972668001,MOBIVE - SDEER 17,FRS17PMB171912,FR*SOD*S*MB17*19*1*_*_,LE BOIS PLAGE EN RE - RUE DES BARGOTTES PARKING LAZZATE,Voirie,RUE DES BARGOTTES PARKING LAZZATE,17580,"[46.183592,-1.392039]",2,FRS17EMB171912,FR*SOD*E*MB17*19*1*2*_,50000,false,false,true,false,false,false,true,false,true,"",Accès libre,false,24/7,Accessibilité inconnue,Aucune Restriction,false,Direct,N/A,2020-10-14,Conditions accès aux bornes dépendantes des accords et formules de votre EMSP,2023-04-03
MOBIVE - SDEER 17,251702197,f-a.de-ferrieres@sdeer17.fr,Izivia,sav@izivia.com,0972668001,MOBIVE - SDEER 17,FRS17PMB171912,FR*SOD*S*MB17*19*1*_*_,LE BOIS PLAGE EN RE - RUE DES BARGOTTES PARKING LAZZATE,Voirie,RUE DES BARGOTTES PARKING LAZZATE,17580,"[46.183592,-1.392039]",2,FRS17EMB171912,FR*SOD*E*MB17*19*1*2*_,50000,false,false,false,true,false,false,true,false,true,"",Accès libre,false,24/7,Accessibilité inconnue,Aucune Restriction,false,Direct,N/A,2020-10-14,Conditions accès aux bornes dépendantes des accords et formules de votre EMSP,2023-04-03
MOBIVE - SDEER 17,251702197,f-a.de-ferrieres@sdeer17.fr,Izivia,sav@izivia.com,0972668001,MOBIVE - SDEER 17,FRS17PMB171911,FR*SOD*S*MB17*19*1*_*_,LE BOIS PLAGE EN RE - RUE DES BARGOTTES PARKING LAZZATE,Voirie,RUE DES BARGOTTES PARKING LAZZATE,17580,"[46.183592,-1.392039]",2,FRS17EMB171911,FR*SOD*E*MB17*19*1*1*_,43000,false,true,false,false,false,false,true,false,true,"",Accès libre,false,24/7,Accessibilité inconnue,Aucune Restriction,false,Direct,N/A,2020-10-14,Conditions accès aux bornes dépendantes des accords et formules de votre EMSP,2023-04-03
MOBIVE - SDEER 17,251702197,f-a.de-ferrieres@sdeer17.fr,Izivia,sav@izivia.com,0972668001,MOBIVE - SDEER 17,FRS17PMB172012,FR*SOD*S*MB17*20*1*_*_,ROYAN - PARKING AVENUE DE PARIS,Voirie,PARKING AVENUE DE PARIS,17200,"[45.627930,-1.050769]",2,FRS17EMB172012,FR*SOD*E*MB17*20*1*2*_,50000,false,false,true,false,false,false,true,false,true,"",Accès libre,false,24/7,Accessibilité inconnue,Aucune Restriction,false,Direct,N/A,2020-09-29,Conditions accès aux bornes dépendantes des accords et formules de votre EMSP,2023-04-03
MOBIVE - SDEER 17,251702197,f-a.de-ferrieres@sdeer17.fr,Izivia,sav@izivia.com,0972668001,MOBIVE - SDEER 17,FRS17PMB172011,FR*SOD*S*MB17*20*1*_*_,ROYAN - PARKING AVENUE DE PARIS,Voirie,PARKING AVENUE DE PARIS,17200,"[45.627930,-1.050769]",2,FRS17EMB172011,FR*SOD*E*MB17*20*1*1*_,43000,false,true,false,false,false,false,true,false,true,"",Accès libre,false,24/7,Accessibilité inconnue,Aucune Restriction,false,Direct,N/A,2020-09-29,Conditions accès aux bornes dépendantes des accords et formules de votre EMSP,2023-04-03
MOBIVE - SDEER 17,251702197,f-a.de-ferrieres@sdeer17.fr,Izivia,sav@izivia.com,0972668001,MOBIVE - SDEER 17,FRS17PMB172012,FR*SOD*S*MB17*20*1*_*_,ROYAN - PARKING AVENUE DE PARIS,Voirie,PARKING AVENUE DE PARIS,17200,"[45.627930,-1.050769]",2,FRS17EMB172012,FR*SOD*E*MB17*20*1*2*_,50000,false,false,false,true,false,false,true,false,true,"",Accès libre,false,24/7,Accessibilité inconnue,Aucune Restriction,false,Direct,N/A,2020-09-29,Conditions accès aux bornes dépendantes des accords et formules de votre EMSP,2023-04-03
MOBIVE - SDEER 17,251702197,f-a.de-ferrieres@sdeer17.fr,Izivia,sav@izivia.com,0972668001,MOBIVE - SDEER 17,FRS17PMB172112,FR*SOD*S*MB17*21*1*_*_,MATHA - PLACE DU CHATEAU DEAU,Voirie,PLACE DU CHÂTEAU DEAU,17160,"[45.869989,-0.317350]",2,FRS17EMB172112,FR*SOD*E*MB17*21*1*2*_,50000,false,false,false,true,false,false,true,false,true,"",Accès libre,false,24/7,Accessibilité inconnue,Aucune Restriction,false,Direct,N/A,2021-01-15,Conditions accès aux bornes dépendantes des accords et formules de votre EMSP,2023-04-03
MOBIVE - SDEER 17,251702197,f-a.de-ferrieres@sdeer17.fr,Izivia,sav@izivia.com,0972668001,MOBIVE - SDEER 17,FRS17PMB172112,FR*SOD*S*MB17*21*1*_*_,MATHA - PLACE DU CHATEAU DEAU,Voirie,PLACE DU CHÂTEAU DEAU,17160,"[45.869989,-0.317350]",2,FRS17EMB172112,FR*SOD*E*MB17*21*1*2*_,50000,false,false,true,false,false,false,true,false,true,"",Accès libre,false,24/7,Accessibilité inconnue,Aucune Restriction,false,Direct,N/A,2021-01-15,Conditions accès aux bornes dépendantes des accords et formules de votre EMSP,2023-04-03
MOBIVE - SDEER 17,251702197,f-a.de-ferrieres@sdeer17.fr,Izivia,sav@izivia.com,0972668001,MOBIVE - SDEER 17,FRS17PMB172111,FR*SOD*S*MB17*21*1*_*_,MATHA - PLACE DU CHATEAU DEAU,Voirie,PLACE DU CHÂTEAU DEAU,17160,"[45.869989,-0.317350]",2,FRS17EMB172111,FR*SOD*E*MB17*21*1*1*_,43000,false,true,false,false,false,false,true,false,true,"",Accès libre,false,24/7,Accessibilité inconnue,Aucune Restriction,false,Direct,N/A,2021-01-15,Conditions accès aux bornes dépendantes des accords et formules de votre EMSP,2023-04-03
MOBIVE - SDEER 17,251702197,f-a.de-ferrieres@sdeer17.fr,Izivia,sav@izivia.com,0972668001,MOBIVE - SDEER 17,FRS17PMB172211,FR*SOD*S*MB17*22*1*_*_,SAINT PIERRE DOLERON - RUE DE LA BOULINE PLACE GAMBETTA,Voirie,RUE DE LA BOULINE PLACE GAMBETTA,17310,"[45.941801,-1.306770]",2,FRS17EMB172211,FR*SOD*E*MB17*22*1*1*_,43000,false,true,false,false,false,false,true,false,true,"",Accès libre,false,24/7,Accessibilité inconnue,Aucune Restriction,false,Direct,N/A,2021-01-15,Conditions accès aux bornes dépendantes des accords et formules de votre EMSP,2023-04-03
MOBIVE - SDEER 17,251702197,f-a.de-ferrieres@sdeer17.fr,Izivia,sav@izivia.com,0972668001,MOBIVE - SDEER 17,FRS17PMB172212,FR*SOD*S*MB17*22*1*_*_,SAINT PIERRE DOLERON - RUE DE LA BOULINE PLACE GAMBETTA,Voirie,RUE DE LA BOULINE PLACE GAMBETTA,17310,"[45.941801,-1.306770]",2,FRS17EMB172212,FR*SOD*E*MB17*22*1*2*_,50000,false,false,true,false,false,false,true,false,true,"",Accès libre,false,24/7,Accessibilité inconnue,Aucune Restriction,false,Direct,N/A,2021-01-15,Conditions accès aux bornes dépendantes des accords et formules de votre EMSP,2023-04-03
MOBIVE - SDEER 17,251702197,f-a.de-ferrieres@sdeer17.fr,Izivia,sav@izivia.com,0972668001,MOBIVE - SDEER 17,FRS17PMB172212,FR*SOD*S*MB17*22*1*_*_,SAINT PIERRE DOLERON - RUE DE LA BOULINE PLACE GAMBETTA,Voirie,RUE DE LA BOULINE PLACE GAMBETTA,17310,"[45.941801,-1.306770]",2,FRS17EMB172212,FR*SOD*E*MB17*22*1*2*_,50000,false,false,false,true,false,false,true,false,true,"",Accès libre,false,24/7,Accessibilité inconnue,Aucune Restriction,false,Direct,N/A,2021-01-15,Conditions accès aux bornes dépendantes des accords et formules de votre EMSP,2023-04-03
MOBIVE - SDEER 17,251702197,f-a.de-ferrieres@sdeer17.fr,Izivia,sav@izivia.com,0972668001,MOBIVE - SDEER 17,FRS17PMB172312,FR*SOD*S*MB17*23*1*_*_,SAINT AIGULIN - RUE GAMBETTA  PLACE JULES FERRY,Voirie,RUE GAMBETTA  PLACE JULES FERRY,17360,"[45.157408,-0.013245]",2,FRS17EMB172312,FR*SOD*E*MB17*23*1*2*_,50000,false,false,false,true,false,false,true,false,true,"",Accès libre,false,24/7,Accessibilité inconnue,Aucune Restriction,false,Direct,N/A,2021-01-14,Conditions accès aux bornes dépendantes des accords et formules de votre EMSP,2023-04-03
MOBIVE - SDEER 17,251702197,f-a.de-ferrieres@sdeer17.fr,Izivia,sav@izivia.com,0972668001,MOBIVE - SDEER 17,FRS17PMB172312,FR*SOD*S*MB17*23*1*_*_,SAINT AIGULIN - RUE GAMBETTA  PLACE JULES FERRY,Voirie,RUE GAMBETTA  PLACE JULES FERRY,17360,"[45.157408,-0.013245]",2,FRS17EMB172312,FR*SOD*E*MB17*23*1*2*_,50000,false,false,true,false,false,false,true,false,true,"",Accès libre,false,24/7,Accessibilité inconnue,Aucune Restriction,false,Direct,N/A,2021-01-14,Conditions accès aux bornes dépendantes des accords et formules de votre EMSP,2023-04-03
MOBIVE - SDEER 17,251702197,f-a.de-ferrieres@sdeer17.fr,Izivia,sav@izivia.com,0972668001,MOBIVE - SDEER 17,FRS17PMB172311,FR*SOD*S*MB17*23*1*_*_,SAINT AIGULIN - RUE GAMBETTA  PLACE JULES FERRY,Voirie,RUE GAMBETTA  PLACE JULES FERRY,17360,"[45.157408,-0.013245]",2,FRS17EMB172311,FR*SOD*E*MB17*23*1*1*_,43000,false,true,false,false,false,false,true,false,true,"",Accès libre,false,24/7,Accessibilité inconnue,Aucune Restriction,false,Direct,N/A,2021-01-14,Conditions accès aux bornes dépendantes des accords et formules de votre EMSP,2023-04-03
MOBIVE - SDEER 17,251702197,f-a.de-ferrieres@sdeer17.fr,Izivia,sav@izivia.com,0972668001,MOBIVE - SDEER 17,FRS17PMB172411,FR*SOD*S*MB17*24*1*_*_,GEMOZAC - PLACE DE VERDUN,Voirie,PLACE DE VERDUN,17260,"[45.568583,-0.678903]",2,FRS17EMB172411,FR*SOD*E*MB17*24*1*1*_,43000,false,true,false,false,false,false,true,false,true,"",Accès libre,false,24/7,Accessibilité inconnue,Aucune Restriction,false,Direct,N/A,2021-02-15,Conditions accès aux bornes dépendantes des accords et formules de votre EMSP,2023-04-03
MOBIVE - SDEER 17,251702197,f-a.de-ferrieres@sdeer17.fr,Izivia,sav@izivia.com,0972668001,MOBIVE - SDEER 17,FRS17PMB172412,FR*SOD*S*MB17*24*1*_*_,GEMOZAC - PLACE DE VERDUN,Voirie,PLACE DE VERDUN,17260,"[45.568583,-0.678903]",2,FRS17EMB172412,FR*SOD*E*MB17*24*1*2*_,50000,false,false,false,true,false,false,true,false,true,"",Accès libre,false,24/7,Accessibilité inconnue,Aucune Restriction,false,Direct,N/A,2021-02-15,Conditions accès aux bornes dépendantes des accords et formules de votre EMSP,2023-04-03
MOBIVE - SDEER 17,251702197,f-a.de-ferrieres@sdeer17.fr,Izivia,sav@izivia.com,0972668001,MOBIVE - SDEER 17,FRS17PMB172412,FR*SOD*S*MB17*24*1*_*_,GEMOZAC - PLACE DE VERDUN,Voirie,PLACE DE VERDUN,17260,"[45.568583,-0.678903]",2,FRS17EMB172412,FR*SOD*E*MB17*24*1*2*_,50000,false,false,true,false,false,false,true,false,true,"",Accès libre,false,24/7,Accessibilité inconnue,Aucune Restriction,false,Direct,N/A,2021-02-15,Conditions accès aux bornes dépendantes des accords et formules de votre EMSP,2023-04-03
MOBIVE - SDEER 17,251702197,f-a.de-ferrieres@sdeer17.fr,Izivia,sav@izivia.com,0972668001,MOBIVE - SDEER 17,FRS17PMB172512,FR*SOD*S*MB17*25*1*_*_,ARCHIAC - RUE DE LA PART DES ANGES,Voirie,RUE DE LA PART DES ANGES,17520,"[45.527902,-0.303649]",2,FRS17EMB172512,FR*SOD*E*MB17*25*1*2*_,50000,false,false,true,false,false,false,true,false,true,"",Accès libre,false,24/7,Accessibilité inconnue,Aucune Restriction,false,Direct,N/A,2021-01-14,Conditions accès aux bornes dépendantes des accords et formules de votre EMSP,2023-04-03
MOBIVE - SDEER 17,251702197,f-a.de-ferrieres@sdeer17.fr,Izivia,sav@izivia.com,0972668001,MOBIVE - SDEER 17,FRS17PMB172512,FR*SOD*S*MB17*25*1*_*_,ARCHIAC - RUE DE LA PART DES ANGES,Voirie,RUE DE LA PART DES ANGES,17520,"[45.527902,-0.303649]",2,FRS17EMB172512,FR*SOD*E*MB17*25*1*2*_,50000,false,false,false,true,false,false,true,false,true,"",Accès libre,false,24/7,Accessibilité inconnue,Aucune Restriction,false,Direct,N/A,2021-01-14,Conditions accès aux bornes dépendantes des accords et formules de votre EMSP,2023-04-03
MOBIVE - SDEER 17,251702197,f-a.de-ferrieres@sdeer17.fr,Izivia,sav@izivia.com,0972668001,MOBIVE - SDEER 17,FRS17PMB172511,FR*SOD*S*MB17*25*1*_*_,ARCHIAC - RUE DE LA PART DES ANGES,Voirie,RUE DE LA PART DES ANGES,17520,"[45.527902,-0.303649]",2,FRS17EMB172511,FR*SOD*E*MB17*25*1*1*_,43000,false,true,false,false,false,false,true,false,true,"",Accès libre,false,24/7,Accessibilité inconnue,Aucune Restriction,false,Direct,N/A,2021-01-14,Conditions accès aux bornes dépendantes des accords et formules de votre EMSP,2023-04-03
MOBIVE - SDEER 17,251702197,f-a.de-ferrieres@sdeer17.fr,Izivia,sav@izivia.com,0972668001,MOBIVE - SDEER 17,FRS17PMB172611,FR*SOD*S*MB17*26*1*_*_,BEURLAY - PLACE DE LA MAIRIE,Voirie,PLACE DE LA MAIRIE,17250,"[45.861100,-0.838119]",2,FRS17EMB172611,FR*SOD*E*MB17*26*1*1*_,43000,false,true,false,false,false,false,true,false,true,"",Accès libre,false,24/7,Accessibilité inconnue,Aucune Restriction,false,Direct,N/A,2021-02-15,Conditions accès aux bornes dépendantes des accords et formules de votre EMSP,2023-04-03
MOBIVE - SDEER 17,251702197,f-a.de-ferrieres@sdeer17.fr,Izivia,sav@izivia.com,0972668001,MOBIVE - SDEER 17,FRS17PMB172612,FR*SOD*S*MB17*26*1*_*_,BEURLAY - PLACE DE LA MAIRIE,Voirie,PLACE DE LA MAIRIE,17250,"[45.861100,-0.838119]",2,FRS17EMB172612,FR*SOD*E*MB17*26*1*2*_,50000,false,false,true,false,false,false,true,false,true,"",Accès libre,false,24/7,Accessibilité inconnue,Aucune Restriction,false,Direct,N/A,2021-02-15,Conditions accès aux bornes dépendantes des accords et formules de votre EMSP,2023-04-03
MOBIVE - SDEER 17,251702197,f-a.de-ferrieres@sdeer17.fr,Izivia,sav@izivia.com,0972668001,MOBIVE - SDEER 17,FRS17PMB172612,FR*SOD*S*MB17*26*1*_*_,BEURLAY - PLACE DE LA MAIRIE,Voirie,PLACE DE LA MAIRIE,17250,"[45.861100,-0.838119]",2,FRS17EMB172612,FR*SOD*E*MB17*26*1*2*_,50000,false,false,false,true,false,false,true,false,true,"",Accès libre,false,24/7,Accessibilité inconnue,Aucune Restriction,false,Direct,N/A,2021-02-15,Conditions accès aux bornes dépendantes des accords et formules de votre EMSP,2023-04-03
MOBIVE - SDEER 17,251702197,f-a.de-ferrieres@sdeer17.fr,Izivia,sav@izivia.com,0972668001,MOBIVE - SDEER 17,FRS17PMB172711,FR*SOD*S*MB17*27*1*_*_,ECHILLAIS - PLACE DE LEUROPE RUE DE LEGLISE,Voirie,PLACE DE LEUROPE RUE DE LÉGLISE,17620,"[45.898288,-0.955017]",2,FRS17EMB172711,FR*SOD*E*MB17*27*1*1*_,43000,false,true,false,false,false,false,true,false,true,"",Accès libre,false,24/7,Accessibilité inconnue,Aucune Restriction,false,Direct,N/A,2021-02-15,Conditions accès aux bornes dépendantes des accords et formules de votre EMSP,2023-04-03
MOBIVE - SDEER 17,251702197,f-a.de-ferrieres@sdeer17.fr,Izivia,sav@izivia.com,0972668001,MOBIVE - SDEER 17,FRS17PMB172712,FR*SOD*S*MB17*27*1*_*_,ECHILLAIS - PLACE DE LEUROPE RUE DE LEGLISE,Voirie,PLACE DE LEUROPE RUE DE LÉGLISE,17620,"[45.898288,-0.955017]",2,FRS17EMB172712,FR*SOD*E*MB17*27*1*2*_,50000,false,false,false,true,false,false,true,false,true,"",Accès libre,false,24/7,Accessibilité inconnue,Aucune Restriction,false,Direct,N/A,2021-02-15,Conditions accès aux bornes dépendantes des accords et formules de votre EMSP,2023-04-03
MOBIVE - SDEER 17,251702197,f-a.de-ferrieres@sdeer17.fr,Izivia,sav@izivia.com,0972668001,MOBIVE - SDEER 17,FRS17PMB172712,FR*SOD*S*MB17*27*1*_*_,ECHILLAIS - PLACE DE LEUROPE RUE DE LEGLISE,Voirie,PLACE DE LEUROPE RUE DE LÉGLISE,17620,"[45.898288,-0.955017]",2,FRS17EMB172712,FR*SOD*E*MB17*27*1*2*_,50000,false,false,true,false,false,false,true,false,true,"",Accès libre,false,24/7,Accessibilité inconnue,Aucune Restriction,false,Direct,N/A,2021-02-15,Conditions accès aux bornes dépendantes des accords et formules de votre EMSP,2023-04-03
MOBIVE - SDEER 17,251702197,f-a.de-ferrieres@sdeer17.fr,Izivia,sav@izivia.com,0972668001,MOBIVE - SDEER 17,FRS17PMB172812,FR*SOD*S*MB17*28*1*_*_,LES MATHES - AVENUE DU POITOU - LA PALMYRE,Voirie,AVENUE DU POITOU - LA PALMYRE,17570,"[45.691602,-1.178706]",2,FRS17EMB172812,FR*SOD*E*MB17*28*1*2*_,50000,false,false,false,true,false,false,true,false,true,"",Accès libre,false,24/7,Accessibilité inconnue,Aucune Restriction,false,Direct,N/A,2021-02-16,Conditions accès aux bornes dépendantes des accords et formules de votre EMSP,2023-04-03
MOBIVE - SDEER 17,251702197,f-a.de-ferrieres@sdeer17.fr,Izivia,sav@izivia.com,0972668001,MOBIVE - SDEER 17,FRS17PMB172811,FR*SOD*S*MB17*28*1*_*_,LES MATHES - AVENUE DU POITOU - LA PALMYRE,Voirie,AVENUE DU POITOU - LA PALMYRE,17570,"[45.691602,-1.178706]",2,FRS17EMB172811,FR*SOD*E*MB17*28*1*1*_,43000,false,true,false,false,false,false,true,false,true,"",Accès libre,false,24/7,Accessibilité inconnue,Aucune Restriction,false,Direct,N/A,2021-02-16,Conditions accès aux bornes dépendantes des accords et formules de votre EMSP,2023-04-03
MOBIVE - SDEER 17,251702197,f-a.de-ferrieres@sdeer17.fr,Izivia,sav@izivia.com,0972668001,MOBIVE - SDEER 17,FRS17PMB172812,FR*SOD*S*MB17*28*1*_*_,LES MATHES - AVENUE DU POITOU - LA PALMYRE,Voirie,AVENUE DU POITOU - LA PALMYRE,17570,"[45.691602,-1.178706]",2,FRS17EMB172812,FR*SOD*E*MB17*28*1*2*_,50000,false,false,true,false,false,false,true,false,true,"",Accès libre,false,24/7,Accessibilité inconnue,Aucune Restriction,false,Direct,N/A,2021-02-16,Conditions accès aux bornes dépendantes des accords et formules de votre EMSP,2023-04-03
MOBIVE - SDEER 17,251702197,f-a.de-ferrieres@sdeer17.fr,Izivia,sav@izivia.com,0972668001,MOBIVE - SDEER 17,FRS17PMB173013,FR*SOD*S*MB17*30*1*_*_,LE CHATEAU DOLERON - PLACE DE LA REPUBLIQUE,Voirie,PLACE DE LA RÉPUBLIQUE,17480,"[45.886536,-1.194709]",3,FRS17EMB173013,FR*SOD*E*MB17*30*1*3*_,50000,false,false,true,false,false,false,true,false,true,"",Accès libre,false,24/7,Accessibilité inconnue,Aucune Restriction,false,Direct,N/A,2021-02-16,Conditions accès aux bornes dépendantes des accords et formules de votre EMSP,2023-04-03
MOBIVE - SDEER 17,251702197,f-a.de-ferrieres@sdeer17.fr,Izivia,sav@izivia.com,0972668001,MOBIVE - SDEER 17,FRS17PMB173012,FR*SOD*S*MB17*30*1*_*_,LE CHATEAU DOLERON - PLACE DE LA REPUBLIQUE,Voirie,PLACE DE LA RÉPUBLIQUE,17480,"[45.886536,-1.194709]",3,FRS17EMB173012,FR*SOD*E*MB17*30*1*2*_,50000,false,false,false,true,false,false,true,false,true,"",Accès libre,false,24/7,Accessibilité inconnue,Aucune Restriction,false,Direct,N/A,2021-02-16,Conditions accès aux bornes dépendantes des accords et formules de votre EMSP,2023-04-03
MOBIVE - SDEER 17,251702197,f-a.de-ferrieres@sdeer17.fr,Izivia,sav@izivia.com,0972668001,MOBIVE - SDEER 17,FRS17PMB173011,FR*SOD*S*MB17*30*1*_*_,LE CHATEAU DOLERON - PLACE DE LA REPUBLIQUE,Voirie,PLACE DE LA RÉPUBLIQUE,17480,"[45.886536,-1.194709]",3,FRS17EMB173011,FR*SOD*E*MB17*30*1*1*_,43000,false,true,false,false,false,false,true,false,true,"",Accès libre,false,24/7,Accessibilité inconnue,Aucune Restriction,false,Direct,N/A,2021-02-16,Conditions accès aux bornes dépendantes des accords et formules de votre EMSP,2023-04-03
MOBIVE - SDEER 17,251702197,f-a.de-ferrieres@sdeer17.fr,Izivia,sav@izivia.com,0972668001,MOBIVE - SDEER 17,FRS17PMB173113,FR*SOD*S*MB17*31*1*_*_,LHOUMEAU - PLACE GABY COLL,Voirie,PLACE GABY COLL,17137,"[46.193318,-1.188403]",3,FRS17EMB173113,FR*SOD*E*MB17*31*1*3*_,50000,false,false,true,false,false,false,true,false,true,"",Accès libre,false,24/7,Accessibilité inconnue,Aucune Restriction,false,Direct,N/A,2021-03-29,Conditions accès aux bornes dépendantes des accords et formules de votre EMSP,2023-04-03
MOBIVE - SDEER 17,251702197,f-a.de-ferrieres@sdeer17.fr,Izivia,sav@izivia.com,0972668001,MOBIVE - SDEER 17,FRS17PMB173111,FR*SOD*S*MB17*31*1*_*_,LHOUMEAU - PLACE GABY COLL,Voirie,PLACE GABY COLL,17137,"[46.193318,-1.188403]",3,FRS17EMB173111,FR*SOD*E*MB17*31*1*1*_,43000,false,true,false,false,false,false,true,false,true,"",Accès libre,false,24/7,Accessibilité inconnue,Aucune Restriction,false,Direct,N/A,2021-03-29,Conditions accès aux bornes dépendantes des accords et formules de votre EMSP,2023-04-03
MOBIVE - SDEER 17,251702197,f-a.de-ferrieres@sdeer17.fr,Izivia,sav@izivia.com,0972668001,MOBIVE - SDEER 17,FRS17PMB173112,FR*SOD*S*MB17*31*1*_*_,LHOUMEAU - PLACE GABY COLL,Voirie,PLACE GABY COLL,17137,"[46.193318,-1.188403]",3,FRS17EMB173112,FR*SOD*E*MB17*31*1*2*_,50000,false,false,false,true,false,false,true,false,true,"",Accès libre,false,24/7,Accessibilité inconnue,Aucune Restriction,false,Direct,N/A,2021-03-29,Conditions accès aux bornes dépendantes des accords et formules de votre EMSP,2023-04-03
MOBIVE - SDEER 17,251702197,f-a.de-ferrieres@sdeer17.fr,Izivia,sav@izivia.com,0972668001,MOBIVE - SDEER 17,FRS17PMB173213,FR*SOD*S*MB17*32*1*_*_,SAINT SAVINIEN - PLACE DE LA GARE,Voirie,PLACE DE LA GARE,17350,"[45.876197,-0.678354]",3,FRS17EMB173213,FR*SOD*E*MB17*32*1*3*_,50000,false,false,true,false,false,false,true,false,true,"",Accès libre,false,24/7,Accessibilité inconnue,Aucune Restriction,false,Direct,N/A,2021-04-15,Conditions accès aux bornes dépendantes des accords et formules de votre EMSP,2023-04-03
MOBIVE - SDEER 17,251702197,f-a.de-ferrieres@sdeer17.fr,Izivia,sav@izivia.com,0972668001,MOBIVE - SDEER 17,FRS17PMB173211,FR*SOD*S*MB17*32*1*_*_,SAINT SAVINIEN - PLACE DE LA GARE,Voirie,PLACE DE LA GARE,17350,"[45.876197,-0.678354]",3,FRS17EMB173211,FR*SOD*E*MB17*32*1*1*_,43000,false,true,false,false,false,false,true,false,true,"",Accès libre,false,24/7,Accessibilité inconnue,Aucune Restriction,false,Direct,N/A,2021-04-15,Conditions accès aux bornes dépendantes des accords et formules de votre EMSP,2023-04-03
MOBIVE - SDEER 17,251702197,f-a.de-ferrieres@sdeer17.fr,Izivia,sav@izivia.com,0972668001,MOBIVE - SDEER 17,FRS17PMB173212,FR*SOD*S*MB17*32*1*_*_,SAINT SAVINIEN - PLACE DE LA GARE,Voirie,PLACE DE LA GARE,17350,"[45.876197,-0.678354]",3,FRS17EMB173212,FR*SOD*E*MB17*32*1*2*_,50000,false,false,false,true,false,false,true,false,true,"",Accès libre,false,24/7,Accessibilité inconnue,Aucune Restriction,false,Direct,N/A,2021-04-15,Conditions accès aux bornes dépendantes des accords et formules de votre EMSP,2023-04-03
MOBIVE - SDEER 17,251702197,f-a.de-ferrieres@sdeer17.fr,Izivia,sav@izivia.com,0972668001,MOBIVE - SDEER 17,FRS17PMB173311,FR*SOD*S*MB17*33*1*_*_,AULNAY DE SAINTONGE - PLACE CHARLES DE GAULLE,Voirie,PLACE CHARLES DE GAULLE,17470,"[46.019559,-0.345935]",3,FRS17EMB173311,FR*SOD*E*MB17*33*1*1*_,43000,false,true,false,false,false,false,true,false,true,"",Accès libre,false,24/7,Accessibilité inconnue,Aucune Restriction,false,Direct,N/A,2021-06-29,Conditions accès aux bornes dépendantes des accords et formules de votre EMSP,2023-04-03
MOBIVE - SDEER 17,251702197,f-a.de-ferrieres@sdeer17.fr,Izivia,sav@izivia.com,0972668001,MOBIVE - SDEER 17,FRS17PMB173312,FR*SOD*S*MB17*33*1*_*_,AULNAY DE SAINTONGE - PLACE CHARLES DE GAULLE,Voirie,PLACE CHARLES DE GAULLE,17470,"[46.019559,-0.345935]",3,FRS17EMB173312,FR*SOD*E*MB17*33*1*2*_,50000,false,false,false,true,false,false,true,false,true,"",Accès libre,false,24/7,Accessibilité inconnue,Aucune Restriction,false,Direct,N/A,2021-06-29,Conditions accès aux bornes dépendantes des accords et formules de votre EMSP,2023-04-03
MOBIVE - SDEER 17,251702197,f-a.de-ferrieres@sdeer17.fr,Izivia,sav@izivia.com,0972668001,MOBIVE - SDEER 17,FRS17PMB173313,FR*SOD*S*MB17*33*1*_*_,AULNAY DE SAINTONGE - PLACE CHARLES DE GAULLE,Voirie,PLACE CHARLES DE GAULLE,17470,"[46.019559,-0.345935]",3,FRS17EMB173313,FR*SOD*E*MB17*33*1*3*_,50000,false,false,true,false,false,false,true,false,true,"",Accès libre,false,24/7,Accessibilité inconnue,Aucune Restriction,false,Direct,N/A,2021-06-29,Conditions accès aux bornes dépendantes des accords et formules de votre EMSP,2023-04-03
MOBIVE - SDEER 17,251702197,f-a.de-ferrieres@sdeer17.fr,Izivia,sav@izivia.com,0972668001,MOBIVE - SDEER 17,FRS17PMB173412,FR*SOD*S*MB17*34*1*_*_,LA TREMBLADE - PLACE JEAN NOEL DE LIPKOWSKI,Voirie,PLACE JEAN NOEL DE LIPKOWSKI,17390,"[45.768927,-1.142896]",3,FRS17EMB173412,FR*SOD*E*MB17*34*1*2*_,50000,false,false,false,true,false,false,true,false,true,"",Accès libre,false,24/7,Accessibilité inconnue,Aucune Restriction,false,Direct,N/A,2021-04-15,Conditions accès aux bornes dépendantes des accords et formules de votre EMSP,2023-04-03
MOBIVE - SDEER 17,251702197,f-a.de-ferrieres@sdeer17.fr,Izivia,sav@izivia.com,0972668001,MOBIVE - SDEER 17,FRS17PMB173413,FR*SOD*S*MB17*34*1*_*_,LA TREMBLADE - PLACE JEAN NOEL DE LIPKOWSKI,Voirie,PLACE JEAN NOEL DE LIPKOWSKI,17390,"[45.768927,-1.142896]",3,FRS17EMB173413,FR*SOD*E*MB17*34*1*3*_,50000,false,false,true,false,false,false,true,false,true,"",Accès libre,false,24/7,Accessibilité inconnue,Aucune Restriction,false,Direct,N/A,2021-04-15,Conditions accès aux bornes dépendantes des accords et formules de votre EMSP,2023-04-03
MOBIVE - SDEER 17,251702197,f-a.de-ferrieres@sdeer17.fr,Izivia,sav@izivia.com,0972668001,MOBIVE - SDEER 17,FRS17PMB173411,FR*SOD*S*MB17*34*1*_*_,LA TREMBLADE - PLACE JEAN NOEL DE LIPKOWSKI,Voirie,PLACE JEAN NOEL DE LIPKOWSKI,17390,"[45.768927,-1.142896]",3,FRS17EMB173411,FR*SOD*E*MB17*34*1*1*_,43000,false,true,false,false,false,false,true,false,true,"",Accès libre,false,24/7,Accessibilité inconnue,Aucune Restriction,false,Direct,N/A,2021-04-15,Conditions accès aux bornes dépendantes des accords et formules de votre EMSP,2023-04-03
MOBIVE - SDEER 17,251702197,f-a.de-ferrieres@sdeer17.fr,Izivia,sav@izivia.com,0972668001,MOBIVE - SDEER 17,FRS17PMB173511,FR*SOD*S*MB17*35*1*_*_,CORME ROYAL - RESIDENCE DES ORMEAUX,Voirie,RÉSIDENCE DES ORMEAUX,17600,"[45.740856,-0.813299]",3,FRS17EMB173511,FR*SOD*E*MB17*35*1*1*_,43000,false,true,false,false,false,false,true,false,true,"",Accès libre,false,24/7,Accessibilité inconnue,Aucune Restriction,false,Direct,N/A,2021-04-29,Conditions accès aux bornes dépendantes des accords et formules de votre EMSP,2023-04-03
MOBIVE - SDEER 17,251702197,f-a.de-ferrieres@sdeer17.fr,Izivia,sav@izivia.com,0972668001,MOBIVE - SDEER 17,FRS17PMB173513,FR*SOD*S*MB17*35*1*_*_,CORME ROYAL - RESIDENCE DES ORMEAUX,Voirie,RÉSIDENCE DES ORMEAUX,17600,"[45.740856,-0.813299]",3,FRS17EMB173513,FR*SOD*E*MB17*35*1*3*_,50000,false,false,true,false,false,false,true,false,true,"",Accès libre,false,24/7,Accessibilité inconnue,Aucune Restriction,false,Direct,N/A,2021-04-29,Conditions accès aux bornes dépendantes des accords et formules de votre EMSP,2023-04-03
MOBIVE - SDEER 17,251702197,f-a.de-ferrieres@sdeer17.fr,Izivia,sav@izivia.com,0972668001,MOBIVE - SDEER 17,FRS17PMB173512,FR*SOD*S*MB17*35*1*_*_,CORME ROYAL - RESIDENCE DES ORMEAUX,Voirie,RÉSIDENCE DES ORMEAUX,17600,"[45.740856,-0.813299]",3,FRS17EMB173512,FR*SOD*E*MB17*35*1*2*_,50000,false,false,false,true,false,false,true,false,true,"",Accès libre,false,24/7,Accessibilité inconnue,Aucune Restriction,false,Direct,N/A,2021-04-29,Conditions accès aux bornes dépendantes des accords et formules de votre EMSP,2023-04-03
MOBIVE - SDEER 17,251702197,f-a.de-ferrieres@sdeer17.fr,Izivia,sav@izivia.com,0972668001,MOBIVE - SDEER 17,FRS17PMB173611,FR*SOD*S*MB17*36*1*_*_,CHATELAILLON - PARKING HAUT RILLON,Voirie,PARKING HAUT RILLON,17340,"[46.080670,-1.079027]",3,FRS17EMB173611,FR*SOD*E*MB17*36*1*1*_,43000,false,true,false,false,false,false,true,false,true,"",Accès libre,false,24/7,Accessibilité inconnue,Aucune Restriction,false,Direct,N/A,2022-03-01,Conditions accès aux bornes dépendantes des accords et formules de votre EMSP,2023-04-03
MOBIVE - SDEER 17,251702197,f-a.de-ferrieres@sdeer17.fr,Izivia,sav@izivia.com,0972668001,MOBIVE - SDEER 17,FRS17PMB173613,FR*SOD*S*MB17*36*1*_*_,CHATELAILLON - PARKING HAUT RILLON,Voirie,PARKING HAUT RILLON,17340,"[46.080670,-1.079027]",3,FRS17EMB173613,FR*SOD*E*MB17*36*1*3*_,50000,false,false,true,false,false,false,true,false,true,"",Accès libre,false,24/7,Accessibilité inconnue,Aucune Restriction,false,Direct,N/A,2022-03-01,Conditions accès aux bornes dépendantes des accords et formules de votre EMSP,2023-04-03
MOBIVE - SDEER 17,251702197,f-a.de-ferrieres@sdeer17.fr,Izivia,sav@izivia.com,0972668001,MOBIVE - SDEER 17,FRS17PMB173612,FR*SOD*S*MB17*36*1*_*_,CHATELAILLON - PARKING HAUT RILLON,Voirie,PARKING HAUT RILLON,17340,"[46.080670,-1.079027]",3,FRS17EMB173612,FR*SOD*E*MB17*36*1*2*_,50000,false,false,false,true,false,false,true,false,true,"",Accès libre,false,24/7,Accessibilité inconnue,Aucune Restriction,false,Direct,N/A,2022-03-01,Conditions accès aux bornes dépendantes des accords et formules de votre EMSP,2023-04-03
MOBIVE - SDEER 17,251702197,f-a.de-ferrieres@sdeer17.fr,Izivia,sav@izivia.com,0972668001,MOBIVE - SDEER 17,FRS17PMB173711,FR*SOD*S*MB17*37*1*_*_,CHARRON - RUE DU CHATEAU ZONE DES MORINES,Voirie,RUE DU CHÂTEAU ZONE DES MORINES,17230,"[46.300894,-1.096399]",3,FRS17EMB173711,FR*SOD*E*MB17*37*1*1*_,43000,false,true,false,false,false,false,true,false,true,"",Accès libre,false,24/7,Accessibilité inconnue,Aucune Restriction,false,Direct,N/A,2021-06-29,Conditions accès aux bornes dépendantes des accords et formules de votre EMSP,2023-04-03
MOBIVE - SDEER 17,251702197,f-a.de-ferrieres@sdeer17.fr,Izivia,sav@izivia.com,0972668001,MOBIVE - SDEER 17,FRS17PMB173713,FR*SOD*S*MB17*37*1*_*_,CHARRON - RUE DU CHATEAU ZONE DES MORINES,Voirie,RUE DU CHÂTEAU ZONE DES MORINES,17230,"[46.300894,-1.096399]",3,FRS17EMB173713,FR*SOD*E*MB17*37*1*3*_,50000,false,false,true,false,false,false,true,false,true,"",Accès libre,false,24/7,Accessibilité inconnue,Aucune Restriction,false,Direct,N/A,2021-06-29,Conditions accès aux bornes dépendantes des accords et formules de votre EMSP,2023-04-03
MOBIVE - SDEER 17,251702197,f-a.de-ferrieres@sdeer17.fr,Izivia,sav@izivia.com,0972668001,MOBIVE - SDEER 17,FRS17PMB173712,FR*SOD*S*MB17*37*1*_*_,CHARRON - RUE DU CHATEAU ZONE DES MORINES,Voirie,RUE DU CHÂTEAU ZONE DES MORINES,17230,"[46.300894,-1.096399]",3,FRS17EMB173712,FR*SOD*E*MB17*37*1*2*_,50000,false,false,false,true,false,false,true,false,true,"",Accès libre,false,24/7,Accessibilité inconnue,Aucune Restriction,false,Direct,N/A,2021-06-29,Conditions accès aux bornes dépendantes des accords et formules de votre EMSP,2023-04-03
MOBIVE - SDEER 17,251702197,f-a.de-ferrieres@sdeer17.fr,Izivia,sav@izivia.com,0972668001,MOBIVE - SDEER 17,FRS17PMB173813,FR*SOD*S*MB17*38*1*_*_,LOIX EN RE - PARKING DE LA BERNARDIERE,Voirie,PARKING DE LA BERNARDIÉRE,17111,"[46.224022,-1.432498]",3,FRS17EMB173813,FR*SOD*E*MB17*38*1*3*_,50000,false,false,true,false,false,false,true,false,true,"",Accès libre,false,24/7,Accessibilité inconnue,Aucune Restriction,false,Direct,N/A,2021-10-28,Conditions accès aux bornes dépendantes des accords et formules de votre EMSP,2023-04-03
MOBIVE - SDEER 17,251702197,f-a.de-ferrieres@sdeer17.fr,Izivia,sav@izivia.com,0972668001,MOBIVE - SDEER 17,FRS17PMB173812,FR*SOD*S*MB17*38*1*_*_,LOIX EN RE - PARKING DE LA BERNARDIERE,Voirie,PARKING DE LA BERNARDIÉRE,17111,"[46.224022,-1.432498]",3,FRS17EMB173812,FR*SOD*E*MB17*38*1*2*_,50000,false,false,false,true,false,false,true,false,true,"",Accès libre,false,24/7,Accessibilité inconnue,Aucune Restriction,false,Direct,N/A,2021-10-28,Conditions accès aux bornes dépendantes des accords et formules de votre EMSP,2023-04-03
MOBIVE - SDEER 17,251702197,f-a.de-ferrieres@sdeer17.fr,Izivia,sav@izivia.com,0972668001,MOBIVE - SDEER 17,FRS17PMB173811,FR*SOD*S*MB17*38*1*_*_,LOIX EN RE - PARKING DE LA BERNARDIERE,Voirie,PARKING DE LA BERNARDIÉRE,17111,"[46.224022,-1.432498]",3,FRS17EMB173811,FR*SOD*E*MB17*38*1*1*_,43000,false,true,false,false,false,false,true,false,true,"",Accès libre,false,24/7,Accessibilité inconnue,Aucune Restriction,false,Direct,N/A,2021-10-28,Conditions accès aux bornes dépendantes des accords et formules de votre EMSP,2023-04-03
MOBIVE - SDEER 17,251702197,f-a.de-ferrieres@sdeer17.fr,Izivia,sav@izivia.com,0972668001,MOBIVE - SDEER 17,FRS17PMB173913,FR*SOD*S*MB17*39*1*_*_,SAINTE MARIE DE RE - CHEMIN DES SABLES,Voirie,CHEMIN DES SABLES,17740,"[46.155851,-1.317532]",3,FRS17EMB173913,FR*SOD*E*MB17*39*1*3*_,50000,false,false,true,false,false,false,true,false,true,"",Accès libre,false,24/7,Accessibilité inconnue,Aucune Restriction,false,Direct,N/A,2021-10-13,Conditions accès aux bornes dépendantes des accords et formules de votre EMSP,2023-04-03
MOBIVE - SDEER 17,251702197,f-a.de-ferrieres@sdeer17.fr,Izivia,sav@izivia.com,0972668001,MOBIVE - SDEER 17,FRS17PMB173912,FR*SOD*S*MB17*39*1*_*_,SAINTE MARIE DE RE - CHEMIN DES SABLES,Voirie,CHEMIN DES SABLES,17740,"[46.155851,-1.317532]",3,FRS17EMB173912,FR*SOD*E*MB17*39*1*2*_,50000,false,false,false,true,false,false,true,false,true,"",Accès libre,false,24/7,Accessibilité inconnue,Aucune Restriction,false,Direct,N/A,2021-10-13,Conditions accès aux bornes dépendantes des accords et formules de votre EMSP,2023-04-03
MOBIVE - SDEER 17,251702197,f-a.de-ferrieres@sdeer17.fr,Izivia,sav@izivia.com,0972668001,MOBIVE - SDEER 17,FRS17PMB173911,FR*SOD*S*MB17*39*1*_*_,SAINTE MARIE DE RE - CHEMIN DES SABLES,Voirie,CHEMIN DES SABLES,17740,"[46.155851,-1.317532]",3,FRS17EMB173911,FR*SOD*E*MB17*39*1*1*_,43000,false,true,false,false,false,false,true,false,true,"",Accès libre,false,24/7,Accessibilité inconnue,Aucune Restriction,false,Direct,N/A,2021-10-13,Conditions accès aux bornes dépendantes des accords et formules de votre EMSP,2023-04-03
MOBIVE - SDEER 17,251702197,f-a.de-ferrieres@sdeer17.fr,Izivia,sav@izivia.com,0972668001,MOBIVE - SDEER 17,FRS17PMB174013,FR*SOD*S*MB17*40*1*_*_,AIGREFEUILLE - RUE DE LA POSTE,Voirie,RUE DE LA POSTE,17290,"[46.114931,-0.936192]",3,FRS17EMB174013,FR*SOD*E*MB17*40*1*3*_,50000,false,false,true,false,false,false,true,false,true,"",Accès libre,false,24/7,Accessibilité inconnue,Aucune Restriction,false,Direct,N/A,2021-10-12,Conditions accès aux bornes dépendantes des accords et formules de votre EMSP,2023-04-03
MOBIVE - SDEER 17,251702197,f-a.de-ferrieres@sdeer17.fr,Izivia,sav@izivia.com,0972668001,MOBIVE - SDEER 17,FRS17PMB174012,FR*SOD*S*MB17*40*1*_*_,AIGREFEUILLE - RUE DE LA POSTE,Voirie,RUE DE LA POSTE,17290,"[46.114931,-0.936192]",3,FRS17EMB174012,FR*SOD*E*MB17*40*1*2*_,50000,false,false,false,true,false,false,true,false,true,"",Accès libre,false,24/7,Accessibilité inconnue,Aucune Restriction,false,Direct,N/A,2021-10-12,Conditions accès aux bornes dépendantes des accords et formules de votre EMSP,2023-04-03
MOBIVE - SDEER 17,251702197,f-a.de-ferrieres@sdeer17.fr,Izivia,sav@izivia.com,0972668001,MOBIVE - SDEER 17,FRS17PMB174011,FR*SOD*S*MB17*40*1*_*_,AIGREFEUILLE - RUE DE LA POSTE,Voirie,RUE DE LA POSTE,17290,"[46.114931,-0.936192]",3,FRS17EMB174011,FR*SOD*E*MB17*40*1*1*_,43000,false,true,false,false,false,false,true,false,true,"",Accès libre,false,24/7,Accessibilité inconnue,Aucune Restriction,false,Direct,N/A,2021-10-12,Conditions accès aux bornes dépendantes des accords et formules de votre EMSP,2023-04-03
MOBIVE - SDEER 17,251702197,f-a.de-ferrieres@sdeer17.fr,Izivia,sav@izivia.com,0972668001,MOBIVE - SDEER 17,FRS17PMB174112,FR*SOD*S*MB17*41*1*_*_,ROCHEFORT - PARKING DE LA GALISSONIERE,Voirie,PARKING DE LA GALISSONIÉRE,17300,"[45.934373,-0.958623]",3,FRS17EMB174112,FR*SOD*E*MB17*41*1*2*_,50000,false,false,false,true,false,false,true,false,true,"",Accès libre,false,24/7,Accessibilité inconnue,Aucune Restriction,false,Direct,N/A,2022-02-02,Conditions accès aux bornes dépendantes des accords et formules de votre EMSP,2023-04-03
MOBIVE - SDEER 17,251702197,f-a.de-ferrieres@sdeer17.fr,Izivia,sav@izivia.com,0972668001,MOBIVE - SDEER 17,FRS17PMB174111,FR*SOD*S*MB17*41*1*_*_,ROCHEFORT - PARKING DE LA GALISSONIERE,Voirie,PARKING DE LA GALISSONIÉRE,17300,"[45.934373,-0.958623]",3,FRS17EMB174111,FR*SOD*E*MB17*41*1*1*_,43000,false,true,false,false,false,false,true,false,true,"",Accès libre,false,24/7,Accessibilité inconnue,Aucune Restriction,false,Direct,N/A,2022-02-02,Conditions accès aux bornes dépendantes des accords et formules de votre EMSP,2023-04-03
MOBIVE - SDEER 17,251702197,f-a.de-ferrieres@sdeer17.fr,Izivia,sav@izivia.com,0972668001,MOBIVE - SDEER 17,FRS17PMB174113,FR*SOD*S*MB17*41*1*_*_,ROCHEFORT - PARKING DE LA GALISSONIERE,Voirie,PARKING DE LA GALISSONIÉRE,17300,"[45.934373,-0.958623]",3,FRS17EMB174113,FR*SOD*E*MB17*41*1*3*_,50000,false,false,true,false,false,false,true,false,true,"",Accès libre,false,24/7,Accessibilité inconnue,Aucune Restriction,false,Direct,N/A,2022-02-02,Conditions accès aux bornes dépendantes des accords et formules de votre EMSP,2023-04-03
MOBIVE - SDEER 17,251702197,f-a.de-ferrieres@sdeer17.fr,Izivia,sav@izivia.com,0972668001,MOBIVE - SDEER 17,FRS17PMB174213,FR*SOD*S*MB17*42*1*_*_,ROCHEFORT - AVENUE MARCEL DASSAULT,Voirie,AVENUE MARCEL DASSAULT,17300,"[45.944355,-0.960020]",3,FRS17EMB174213,FR*SOD*E*MB17*42*1*3*_,50000,false,false,true,false,false,false,true,false,true,"",Accès libre,false,24/7,Accessibilité inconnue,Aucune Restriction,false,Direct,N/A,2021-10-12,Conditions accès aux bornes dépendantes des accords et formules de votre EMSP,2023-04-03
MOBIVE - SDEER 17,251702197,f-a.de-ferrieres@sdeer17.fr,Izivia,sav@izivia.com,0972668001,MOBIVE - SDEER 17,FRS17PMB174212,FR*SOD*S*MB17*42*1*_*_,ROCHEFORT - AVENUE MARCEL DASSAULT,Voirie,AVENUE MARCEL DASSAULT,17300,"[45.944355,-0.960020]",3,FRS17EMB174212,FR*SOD*E*MB17*42*1*2*_,50000,false,false,false,true,false,false,true,false,true,"",Accès libre,false,24/7,Accessibilité inconnue,Aucune Restriction,false,Direct,N/A,2021-10-12,Conditions accès aux bornes dépendantes des accords et formules de votre EMSP,2023-04-03
MOBIVE - SDEER 17,251702197,f-a.de-ferrieres@sdeer17.fr,Izivia,sav@izivia.com,0972668001,MOBIVE - SDEER 17,FRS17PMB174211,FR*SOD*S*MB17*42*1*_*_,ROCHEFORT - AVENUE MARCEL DASSAULT,Voirie,AVENUE MARCEL DASSAULT,17300,"[45.944355,-0.960020]",3,FRS17EMB174211,FR*SOD*E*MB17*42*1*1*_,43000,false,true,false,false,false,false,true,false,true,"",Accès libre,false,24/7,Accessibilité inconnue,Aucune Restriction,false,Direct,N/A,2021-10-12,Conditions accès aux bornes dépendantes des accords et formules de votre EMSP,2023-04-03
MOBIVE - SDEER 17,251702197,f-a.de-ferrieres@sdeer17.fr,Izivia,sav@izivia.com,0972668001,MOBIVE - SDEER 17,FRS17PMB174313,FR*SOD*S*MB17*43*1*_*_,MONTENDRE - PLACE RAYMOND PAILLE,Voirie,PLACE RAYMOND PAILLÉ,17130,"[45.284856,-0.406388]",3,FRS17EMB174313,FR*SOD*E*MB17*43*1*3*_,50000,false,false,true,false,false,false,true,false,true,"",Accès libre,false,24/7,Accessibilité inconnue,Aucune Restriction,false,Direct,N/A,2021-10-19,Conditions accès aux bornes dépendantes des accords et formules de votre EMSP,2023-04-03
MOBIVE - SDEER 17,251702197,f-a.de-ferrieres@sdeer17.fr,Izivia,sav@izivia.com,0972668001,MOBIVE - SDEER 17,FRS17PMB174311,FR*SOD*S*MB17*43*1*_*_,MONTENDRE - PLACE RAYMOND PAILLE,Voirie,PLACE RAYMOND PAILLÉ,17130,"[45.284856,-0.406388]",3,FRS17EMB174311,FR*SOD*E*MB17*43*1*1*_,43000,false,true,false,false,false,false,true,false,true,"",Accès libre,false,24/7,Accessibilité inconnue,Aucune Restriction,false,Direct,N/A,2021-10-19,Conditions accès aux bornes dépendantes des accords et formules de votre EMSP,2023-04-03
MOBIVE - SDEER 17,251702197,f-a.de-ferrieres@sdeer17.fr,Izivia,sav@izivia.com,0972668001,MOBIVE - SDEER 17,FRS17PMB174312,FR*SOD*S*MB17*43*1*_*_,MONTENDRE - PLACE RAYMOND PAILLE,Voirie,PLACE RAYMOND PAILLÉ,17130,"[45.284856,-0.406388]",3,FRS17EMB174312,FR*SOD*E*MB17*43*1*2*_,50000,false,false,false,true,false,false,true,false,true,"",Accès libre,false,24/7,Accessibilité inconnue,Aucune Restriction,false,Direct,N/A,2021-10-19,Conditions accès aux bornes dépendantes des accords et formules de votre EMSP,2023-04-03
MOBIVE - SDEER 17,251702197,f-a.de-ferrieres@sdeer17.fr,Izivia,sav@izivia.com,0972668001,MOBIVE - SDEER 17,FRS17PMB174411,FR*SOD*S*MB17*44*1*_*_,CHANIERS - AV CHARLES DE GAULLE,Voirie,AV CHARLES DE GAULLE,17610,"[45.717543,-0.556037]",3,FRS17EMB174411,FR*SOD*E*MB17*44*1*1*_,43000,false,true,false,false,false,false,true,false,true,"",Accès libre,false,24/7,Accessibilité inconnue,Aucune Restriction,false,Direct,N/A,2021-10-28,Conditions accès aux bornes dépendantes des accords et formules de votre EMSP,2023-04-03
MOBIVE - SDEER 17,251702197,f-a.de-ferrieres@sdeer17.fr,Izivia,sav@izivia.com,0972668001,MOBIVE - SDEER 17,FRS17PMB174413,FR*SOD*S*MB17*44*1*_*_,CHANIERS - AV CHARLES DE GAULLE,Voirie,AV CHARLES DE GAULLE,17610,"[45.717543,-0.556037]",3,FRS17EMB174413,FR*SOD*E*MB17*44*1*3*_,50000,false,false,true,false,false,false,true,false,true,"",Accès libre,false,24/7,Accessibilité inconnue,Aucune Restriction,false,Direct,N/A,2021-10-28,Conditions accès aux bornes dépendantes des accords et formules de votre EMSP,2023-04-03
MOBIVE - SDEER 17,251702197,f-a.de-ferrieres@sdeer17.fr,Izivia,sav@izivia.com,0972668001,MOBIVE - SDEER 17,FRS17PMB174412,FR*SOD*S*MB17*44*1*_*_,CHANIERS - AV CHARLES DE GAULLE,Voirie,AV CHARLES DE GAULLE,17610,"[45.717543,-0.556037]",3,FRS17EMB174412,FR*SOD*E*MB17*44*1*2*_,50000,false,false,false,true,false,false,true,false,true,"",Accès libre,false,24/7,Accessibilité inconnue,Aucune Restriction,false,Direct,N/A,2021-10-28,Conditions accès aux bornes dépendantes des accords et formules de votre EMSP,2023-04-03
MOBIVE - SDEER 17,251702197,f-a.de-ferrieres@sdeer17.fr,Izivia,sav@izivia.com,0972668001,MOBIVE - SDEER 17,FRS17PMB174511,FR*SOD*S*MB17*45*1*_*_,SAINT JEAN DANGELY - AV ARISTIDE BRIAND,Voirie,AV ARISTIDE BRIAND,17400,"[45.940547,-0.510211]",3,FRS17EMB174511,FR*SOD*E*MB17*45*1*1*_,43000,false,true,false,false,false,false,true,false,true,"",Accès libre,false,24/7,Accessibilité inconnue,Aucune Restriction,false,Direct,N/A,2021-12-03,Conditions accès aux bornes dépendantes des accords et formules de votre EMSP,2023-04-03
MOBIVE - SDEER 17,251702197,f-a.de-ferrieres@sdeer17.fr,Izivia,sav@izivia.com,0972668001,MOBIVE - SDEER 17,FRS17PMB174513,FR*SOD*S*MB17*45*1*_*_,SAINT JEAN DANGELY - AV ARISTIDE BRIAND,Voirie,AV ARISTIDE BRIAND,17400,"[45.940547,-0.510211]",3,FRS17EMB174513,FR*SOD*E*MB17*45*1*3*_,50000,false,false,true,false,false,false,true,false,true,"",Accès libre,false,24/7,Accessibilité inconnue,Aucune Restriction,false,Direct,N/A,2021-12-03,Conditions accès aux bornes dépendantes des accords et formules de votre EMSP,2023-04-03
MOBIVE - SDEER 17,251702197,f-a.de-ferrieres@sdeer17.fr,Izivia,sav@izivia.com,0972668001,MOBIVE - SDEER 17,FRS17PMB174512,FR*SOD*S*MB17*45*1*_*_,SAINT JEAN DANGELY - AV ARISTIDE BRIAND,Voirie,AV ARISTIDE BRIAND,17400,"[45.940547,-0.510211]",3,FRS17EMB174512,FR*SOD*E*MB17*45*1*2*_,50000,false,false,false,true,false,false,true,false,true,"",Accès libre,false,24/7,Accessibilité inconnue,Aucune Restriction,false,Direct,N/A,2021-12-03,Conditions accès aux bornes dépendantes des accords et formules de votre EMSP,2023-04-03
MOBIVE - SDEER 17,251702197,f-a.de-ferrieres@sdeer17.fr,Izivia,sav@izivia.com,0972668001,MOBIVE - SDEER 17,FRS17PMB174611,FR*SOD*S*MB17*46*1*_*_,SAINT JEAN DANGELY - FAUBOURG DAUNIS,Voirie,FAUBOURG DAUNIS,17400,"[45.948627,-0.529733]",3,FRS17EMB174611,FR*SOD*E*MB17*46*1*1*_,43000,false,true,false,false,false,false,true,false,true,"",Accès libre,false,24/7,Accessibilité inconnue,Aucune Restriction,false,Direct,N/A,2021-12-03,Conditions accès aux bornes dépendantes des accords et formules de votre EMSP,2023-04-03
MOBIVE - SDEER 17,251702197,f-a.de-ferrieres@sdeer17.fr,Izivia,sav@izivia.com,0972668001,MOBIVE - SDEER 17,FRS17PMB174613,FR*SOD*S*MB17*46*1*_*_,SAINT JEAN DANGELY - FAUBOURG DAUNIS,Voirie,FAUBOURG DAUNIS,17400,"[45.948627,-0.529733]",3,FRS17EMB174613,FR*SOD*E*MB17*46*1*3*_,50000,false,false,true,false,false,false,true,false,true,"",Accès libre,false,24/7,Accessibilité inconnue,Aucune Restriction,false,Direct,N/A,2021-12-03,Conditions accès aux bornes dépendantes des accords et formules de votre EMSP,2023-04-03
MOBIVE - SDEER 17,251702197,f-a.de-ferrieres@sdeer17.fr,Izivia,sav@izivia.com,0972668001,MOBIVE - SDEER 17,FRS17PMB174612,FR*SOD*S*MB17*46*1*_*_,SAINT JEAN DANGELY - FAUBOURG DAUNIS,Voirie,FAUBOURG DAUNIS,17400,"[45.948627,-0.529733]",3,FRS17EMB174612,FR*SOD*E*MB17*46*1*2*_,50000,false,false,false,true,false,false,true,false,true,"",Accès libre,false,24/7,Accessibilité inconnue,Aucune Restriction,false,Direct,N/A,2021-12-03,Conditions accès aux bornes dépendantes des accords et formules de votre EMSP,2023-04-03
MOBIVE - SDEER 17,251702197,f-a.de-ferrieres@sdeer17.fr,Izivia,sav@izivia.com,0972668001,MOBIVE - SDEER 17,FRS17PMB174712,FR*SOD*S*MB17*47*1*_*_,ROCHEFORT - AV CAMILLE PELLETAN LES THERMES,Voirie,AV CAMILLE PELLETAN LES THERMES,17300,"[45.942090,-0.962153]",3,FRS17EMB174712,FR*SOD*E*MB17*47*1*2*_,50000,false,false,false,true,false,false,true,false,true,"",Accès libre,false,24/7,Accessibilité inconnue,Aucune Restriction,false,Direct,N/A,2021-12-07,Conditions accès aux bornes dépendantes des accords et formules de votre EMSP,2023-04-03
MOBIVE - SDEER 17,251702197,f-a.de-ferrieres@sdeer17.fr,Izivia,sav@izivia.com,0972668001,MOBIVE - SDEER 17,FRS17PMB174713,FR*SOD*S*MB17*47*1*_*_,ROCHEFORT - AV CAMILLE PELLETAN LES THERMES,Voirie,AV CAMILLE PELLETAN LES THERMES,17300,"[45.942090,-0.962153]",3,FRS17EMB174713,FR*SOD*E*MB17*47*1*3*_,50000,false,false,true,false,false,false,true,false,true,"",Accès libre,false,24/7,Accessibilité inconnue,Aucune Restriction,false,Direct,N/A,2021-12-07,Conditions accès aux bornes dépendantes des accords et formules de votre EMSP,2023-04-03
MOBIVE - SDEER 17,251702197,f-a.de-ferrieres@sdeer17.fr,Izivia,sav@izivia.com,0972668001,MOBIVE - SDEER 17,FRS17PMB174711,FR*SOD*S*MB17*47*1*_*_,ROCHEFORT - AV CAMILLE PELLETAN LES THERMES,Voirie,AV CAMILLE PELLETAN LES THERMES,17300,"[45.942090,-0.962153]",3,FRS17EMB174711,FR*SOD*E*MB17*47*1*1*_,43000,false,true,false,false,false,false,true,false,true,"",Accès libre,false,24/7,Accessibilité inconnue,Aucune Restriction,false,Direct,N/A,2021-12-07,Conditions accès aux bornes dépendantes des accords et formules de votre EMSP,2023-04-03
MOBIVE - SDEER 17,251702197,f-a.de-ferrieres@sdeer17.fr,Izivia,sav@izivia.com,0972668001,MOBIVE - SDEER 17,FRS17PMB174811,FR*SOD*S*MB17*48*1*_*_,BURIE - RUE DE VERDUN PLACE DES PLATANES,Voirie,RUE DE VERDUN PLACE DES PLATANES,17770,"[45.774072,-0.422257]",3,FRS17EMB174811,FR*SOD*E*MB17*48*1*1*_,43000,false,true,false,false,false,false,true,false,true,"",Accès libre,false,24/7,Accessibilité inconnue,Aucune Restriction,false,Direct,N/A,2021-11-10,Conditions accès aux bornes dépendantes des accords et formules de votre EMSP,2023-04-03
MOBIVE - SDEER 17,251702197,f-a.de-ferrieres@sdeer17.fr,Izivia,sav@izivia.com,0972668001,MOBIVE - SDEER 17,FRS17PMB174812,FR*SOD*S*MB17*48*1*_*_,BURIE - RUE DE VERDUN PLACE DES PLATANES,Voirie,RUE DE VERDUN PLACE DES PLATANES,17770,"[45.774072,-0.422257]",3,FRS17EMB174812,FR*SOD*E*MB17*48*1*2*_,50000,false,false,false,true,false,false,true,false,true,"",Accès libre,false,24/7,Accessibilité inconnue,Aucune Restriction,false,Direct,N/A,2021-11-10,Conditions accès aux bornes dépendantes des accords et formules de votre EMSP,2023-04-03
MOBIVE - SDEER 17,251702197,f-a.de-ferrieres@sdeer17.fr,Izivia,sav@izivia.com,0972668001,MOBIVE - SDEER 17,FRS17PMB174813,FR*SOD*S*MB17*48*1*_*_,BURIE - RUE DE VERDUN PLACE DES PLATANES,Voirie,RUE DE VERDUN PLACE DES PLATANES,17770,"[45.774072,-0.422257]",3,FRS17EMB174813,FR*SOD*E*MB17*48*1*3*_,50000,false,false,true,false,false,false,true,false,true,"",Accès libre,false,24/7,Accessibilité inconnue,Aucune Restriction,false,Direct,N/A,2021-11-10,Conditions accès aux bornes dépendantes des accords et formules de votre EMSP,2023-04-03
MOBIVE - SDEER 17,251702197,f-a.de-ferrieres@sdeer17.fr,Izivia,sav@izivia.com,0972668001,MOBIVE - SDEER 17,FRS17PMB174913,FR*SOD*S*MB17*49*1*_*_,SAINT CESAIRE - LES BUJOLIERS LAC,Voirie,LES BUJOLIERS LAC,17770,"[45.764361,-0.496067]",3,FRS17EMB174913,FR*SOD*E*MB17*49*1*3*_,50000,false,false,true,false,false,false,true,false,true,"",Accès libre,false,24/7,Accessibilité inconnue,Aucune Restriction,false,Direct,N/A,2022-03-09,Conditions accès aux bornes dépendantes des accords et formules de votre EMSP,2023-04-03
MOBIVE - SDEER 17,251702197,f-a.de-ferrieres@sdeer17.fr,Izivia,sav@izivia.com,0972668001,MOBIVE - SDEER 17,FRS17PMB174912,FR*SOD*S*MB17*49*1*_*_,SAINT CESAIRE - LES BUJOLIERS LAC,Voirie,LES BUJOLIERS LAC,17770,"[45.764361,-0.496067]",3,FRS17EMB174912,FR*SOD*E*MB17*49*1*2*_,50000,false,false,false,true,false,false,true,false,true,"",Accès libre,false,24/7,Accessibilité inconnue,Aucune Restriction,false,Direct,N/A,2022-03-09,Conditions accès aux bornes dépendantes des accords et formules de votre EMSP,2023-04-03
MOBIVE - SDEER 17,251702197,f-a.de-ferrieres@sdeer17.fr,Izivia,sav@izivia.com,0972668001,MOBIVE - SDEER 17,FRS17PMB174911,FR*SOD*S*MB17*49*1*_*_,SAINT CESAIRE - LES BUJOLIERS LAC,Voirie,LES BUJOLIERS LAC,17770,"[45.764361,-0.496067]",3,FRS17EMB174911,FR*SOD*E*MB17*49*1*1*_,43000,false,true,false,false,false,false,true,false,true,"",Accès libre,false,24/7,Accessibilité inconnue,Aucune Restriction,false,Direct,N/A,2022-03-09,Conditions accès aux bornes dépendantes des accords et formules de votre EMSP,2023-04-03
MOBIVE - SDEER 17,251702197,f-a.de-ferrieres@sdeer17.fr,Izivia,sav@izivia.com,0972668001,MOBIVE - SDEER 17,FRS17PMB175013,FR*SOD*S*MB17*50*1*_*_,ECOYEUX - RUE DES ARTISANS,Voirie,RUE DES ARTISANS,17770,"[45.817534,-0.505448]",3,FRS17EMB175013,FR*SOD*E*MB17*50*1*3*_,50000,false,false,true,false,false,false,true,false,true,"",Accès libre,false,24/7,Accessibilité inconnue,Aucune Restriction,false,Direct,N/A,2022-05-19,Conditions accès aux bornes dépendantes des accords et formules de votre EMSP,2023-04-03
MOBIVE - SDEER 17,251702197,f-a.de-ferrieres@sdeer17.fr,Izivia,sav@izivia.com,0972668001,MOBIVE - SDEER 17,FRS17PMB175011,FR*SOD*S*MB17*50*1*_*_,ECOYEUX - RUE DES ARTISANS,Voirie,RUE DES ARTISANS,17770,"[45.817534,-0.505448]",3,FRS17EMB175011,FR*SOD*E*MB17*50*1*1*_,43000,false,true,false,false,false,false,true,false,true,"",Accès libre,false,24/7,Accessibilité inconnue,Aucune Restriction,false,Direct,N/A,2022-05-19,Conditions accès aux bornes dépendantes des accords et formules de votre EMSP,2023-04-03
MOBIVE - SDEER 17,251702197,f-a.de-ferrieres@sdeer17.fr,Izivia,sav@izivia.com,0972668001,MOBIVE - SDEER 17,FRS17PMB175012,FR*SOD*S*MB17*50*1*_*_,ECOYEUX - RUE DES ARTISANS,Voirie,RUE DES ARTISANS,17770,"[45.817534,-0.505448]",3,FRS17EMB175012,FR*SOD*E*MB17*50*1*2*_,50000,false,false,false,true,false,false,true,false,true,"",Accès libre,false,24/7,Accessibilité inconnue,Aucune Restriction,false,Direct,N/A,2022-05-19,Conditions accès aux bornes dépendantes des accords et formules de votre EMSP,2023-04-03
MOBIVE - SDEER 17,251702197,f-a.de-ferrieres@sdeer17.fr,Izivia,sav@izivia.com,0972668001,MOBIVE - SDEER 17,FRS17PMB175112,FR*SOD*S*MB17*51*1*_*_,PISANY - ALLEE DES SPORTS,Voirie,ALLÉE DES SPORTS,17600,"[45.700818,-0.779485]",3,FRS17EMB175112,FR*SOD*E*MB17*51*1*2*_,50000,false,false,false,true,false,false,true,false,true,"",Accès libre,false,24/7,Accessibilité inconnue,Aucune Restriction,false,Direct,N/A,2022-01-11,Conditions accès aux bornes dépendantes des accords et formules de votre EMSP,2023-04-03
MOBIVE - SDEER 17,251702197,f-a.de-ferrieres@sdeer17.fr,Izivia,sav@izivia.com,0972668001,MOBIVE - SDEER 17,FRS17PMB175113,FR*SOD*S*MB17*51*1*_*_,PISANY - ALLEE DES SPORTS,Voirie,ALLÉE DES SPORTS,17600,"[45.700818,-0.779485]",3,FRS17EMB175113,FR*SOD*E*MB17*51*1*3*_,50000,false,false,true,false,false,false,true,false,true,"",Accès libre,false,24/7,Accessibilité inconnue,Aucune Restriction,false,Direct,N/A,2022-01-11,Conditions accès aux bornes dépendantes des accords et formules de votre EMSP,2023-04-03
MOBIVE - SDEER 17,251702197,f-a.de-ferrieres@sdeer17.fr,Izivia,sav@izivia.com,0972668001,MOBIVE - SDEER 17,FRS17PMB175111,FR*SOD*S*MB17*51*1*_*_,PISANY - ALLEE DES SPORTS,Voirie,ALLÉE DES SPORTS,17600,"[45.700818,-0.779485]",3,FRS17EMB175111,FR*SOD*E*MB17*51*1*1*_,43000,false,true,false,false,false,false,true,false,true,"",Accès libre,false,24/7,Accessibilité inconnue,Aucune Restriction,false,Direct,N/A,2022-01-11,Conditions accès aux bornes dépendantes des accords et formules de votre EMSP,2023-04-03
MOBIVE - SDEER 17,251702197,f-a.de-ferrieres@sdeer17.fr,Izivia,sav@izivia.com,0972668001,MOBIVE - SDEER 17,FRS17PMB175212,FR*SOD*S*MB17*52*1*_*_,ROYAN - AVENUE DES CONGRES,Voirie,AVENUE DES CONGRÈS,17200,"[45.620421,-1.033112]",3,FRS17EMB175212,FR*SOD*E*MB17*52*1*2*_,50000,false,false,false,true,false,false,true,false,true,"",Accès libre,false,24/7,Accessibilité inconnue,Aucune Restriction,false,Direct,N/A,2022-06-15,Conditions accès aux bornes dépendantes des accords et formules de votre EMSP,2023-04-03
MOBIVE - SDEER 17,251702197,f-a.de-ferrieres@sdeer17.fr,Izivia,sav@izivia.com,0972668001,MOBIVE - SDEER 17,FRS17PMB175213,FR*SOD*S*MB17*52*1*_*_,ROYAN - AVENUE DES CONGRES,Voirie,AVENUE DES CONGRÈS,17200,"[45.620421,-1.033112]",3,FRS17EMB175213,FR*SOD*E*MB17*52*1*3*_,50000,false,false,true,false,false,false,true,false,true,"",Accès libre,false,24/7,Accessibilité inconnue,Aucune Restriction,false,Direct,N/A,2022-06-15,Conditions accès aux bornes dépendantes des accords et formules de votre EMSP,2023-04-03
MOBIVE - SDEER 17,251702197,f-a.de-ferrieres@sdeer17.fr,Izivia,sav@izivia.com,0972668001,MOBIVE - SDEER 17,FRS17PMB175211,FR*SOD*S*MB17*52*1*_*_,ROYAN - AVENUE DES CONGRES,Voirie,AVENUE DES CONGRÈS,17200,"[45.620421,-1.033112]",3,FRS17EMB175211,FR*SOD*E*MB17*52*1*1*_,43000,false,true,false,false,false,false,true,false,true,"",Accès libre,false,24/7,Accessibilité inconnue,Aucune Restriction,false,Direct,N/A,2022-06-15,Conditions accès aux bornes dépendantes des accords et formules de votre EMSP,2023-04-03
MOBIVE - SDEER 17,251702197,f-a.de-ferrieres@sdeer17.fr,Izivia,sav@izivia.com,0972668001,MOBIVE - SDEER 17,FRS17PMB175313,FR*SOD*S*MB17*53*1*_*_,ROYAN - BD GEORGES CLEMENCEAU GARE,Voirie,BD GEORGES CLÉMENCEAU GARE,17200,"[45.625230,-1.018217]",3,FRS17EMB175313,FR*SOD*E*MB17*53*1*3*_,50000,false,false,true,false,false,false,true,false,true,"",Accès libre,false,24/7,Accessibilité inconnue,Aucune Restriction,false,Direct,N/A,2021-12-14,Conditions accès aux bornes dépendantes des accords et formules de votre EMSP,2023-04-03
MOBIVE - SDEER 17,251702197,f-a.de-ferrieres@sdeer17.fr,Izivia,sav@izivia.com,0972668001,MOBIVE - SDEER 17,FRS17PMB175311,FR*SOD*S*MB17*53*1*_*_,ROYAN - BD GEORGES CLEMENCEAU GARE,Voirie,BD GEORGES CLÉMENCEAU GARE,17200,"[45.625230,-1.018217]",3,FRS17EMB175311,FR*SOD*E*MB17*53*1*1*_,43000,false,true,false,false,false,false,true,false,true,"",Accès libre,false,24/7,Accessibilité inconnue,Aucune Restriction,false,Direct,N/A,2021-12-14,Conditions accès aux bornes dépendantes des accords et formules de votre EMSP,2023-04-03
MOBIVE - SDEER 17,251702197,f-a.de-ferrieres@sdeer17.fr,Izivia,sav@izivia.com,0972668001,MOBIVE - SDEER 17,FRS17PMB175312,FR*SOD*S*MB17*53*1*_*_,ROYAN - BD GEORGES CLEMENCEAU GARE,Voirie,BD GEORGES CLÉMENCEAU GARE,17200,"[45.625230,-1.018217]",3,FRS17EMB175312,FR*SOD*E*MB17*53*1*2*_,50000,false,false,false,true,false,false,true,false,true,"",Accès libre,false,24/7,Accessibilité inconnue,Aucune Restriction,false,Direct,N/A,2021-12-14,Conditions accès aux bornes dépendantes des accords et formules de votre EMSP,2023-04-03
MOBIVE - SDEER 17,251702197,f-a.de-ferrieres@sdeer17.fr,Izivia,sav@izivia.com,0972668001,MOBIVE - SDEER 17,FRS17PMB175411,FR*SOD*S*MB17*54*1*_*_,SAINT ROGATIEN - RUE DE LA ROCHELLE,Voirie,RUE DE LA ROCHELLE,17220,"[46.149520,-1.069770]",3,FRS17EMB175411,FR*SOD*E*MB17*54*1*1*_,43000,false,true,false,false,false,false,true,false,true,"",Accès libre,false,24/7,Accessibilité inconnue,Aucune Restriction,false,Direct,N/A,2022-09-26,Conditions accès aux bornes dépendantes des accords et formules de votre EMSP,2023-04-03
MOBIVE - SDEER 17,251702197,f-a.de-ferrieres@sdeer17.fr,Izivia,sav@izivia.com,0972668001,MOBIVE - SDEER 17,FRS17PMB175412,FR*SOD*S*MB17*54*1*_*_,SAINT ROGATIEN - RUE DE LA ROCHELLE,Voirie,RUE DE LA ROCHELLE,17220,"[46.149520,-1.069770]",3,FRS17EMB175412,FR*SOD*E*MB17*54*1*2*_,50000,false,false,false,true,false,false,true,false,true,"",Accès libre,false,24/7,Accessibilité inconnue,Aucune Restriction,false,Direct,N/A,2022-09-26,Conditions accès aux bornes dépendantes des accords et formules de votre EMSP,2023-04-03
MOBIVE - SDEER 17,251702197,f-a.de-ferrieres@sdeer17.fr,Izivia,sav@izivia.com,0972668001,MOBIVE - SDEER 17,FRS17PMB175413,FR*SOD*S*MB17*54*1*_*_,SAINT ROGATIEN - RUE DE LA ROCHELLE,Voirie,RUE DE LA ROCHELLE,17220,"[46.149520,-1.069770]",3,FRS17EMB175413,FR*SOD*E*MB17*54*1*3*_,50000,false,false,true,false,false,false,true,false,true,"",Accès libre,false,24/7,Accessibilité inconnue,Aucune Restriction,false,Direct,N/A,2022-09-26,Conditions accès aux bornes dépendantes des accords et formules de votre EMSP,2023-04-03
MOBIVE - SDEER 17,251702197,f-a.de-ferrieres@sdeer17.fr,Izivia,sav@izivia.com,0972668001,MOBIVE - SDEER 17,FRS17PMB175513,FR*SOD*S*MB17*55*1*_*_,LA FLOTTE EN RE - RUE JEAN MOULIN,Voirie,RUE JEAN MOULIN,17630,"[46.191020,-1.331430]",3,FRS17EMB175513,FR*SOD*E*MB17*55*1*3*_,50000,false,false,true,false,false,false,true,false,true,"",Accès libre,false,24/7,Accessibilité inconnue,Aucune Restriction,false,Direct,N/A,2022-06-29,Conditions accès aux bornes dépendantes des accords et formules de votre EMSP,2023-04-03
MOBIVE - SDEER 17,251702197,f-a.de-ferrieres@sdeer17.fr,Izivia,sav@izivia.com,0972668001,MOBIVE - SDEER 17,FRS17PMB175511,FR*SOD*S*MB17*55*1*_*_,LA FLOTTE EN RE - RUE JEAN MOULIN,Voirie,RUE JEAN MOULIN,17630,"[46.191020,-1.331430]",3,FRS17EMB175511,FR*SOD*E*MB17*55*1*1*_,43000,false,true,false,false,false,false,true,false,true,"",Accès libre,false,24/7,Accessibilité inconnue,Aucune Restriction,false,Direct,N/A,2022-06-29,Conditions accès aux bornes dépendantes des accords et formules de votre EMSP,2023-04-03
MOBIVE - SDEER 17,251702197,f-a.de-ferrieres@sdeer17.fr,Izivia,sav@izivia.com,0972668001,MOBIVE - SDEER 17,FRS17PMB175512,FR*SOD*S*MB17*55*1*_*_,LA FLOTTE EN RE - RUE JEAN MOULIN,Voirie,RUE JEAN MOULIN,17630,"[46.191020,-1.331430]",3,FRS17EMB175512,FR*SOD*E*MB17*55*1*2*_,50000,false,false,false,true,false,false,true,false,true,"",Accès libre,false,24/7,Accessibilité inconnue,Aucune Restriction,false,Direct,N/A,2022-06-29,Conditions accès aux bornes dépendantes des accords et formules de votre EMSP,2023-04-03
MOBIVE - SDEER 17,251702197,f-a.de-ferrieres@sdeer17.fr,Izivia,sav@izivia.com,0972668001,MOBIVE - SDEER 17,FRS17PMB175613,FR*SOD*S*MB17*56*1*_*_,SAINT SULPICE DE ROYAN - ROUTE DE SAINT-PALAIS,Voirie,ROUTE DE SAINT-PALAIS,17200,"[45.672630,-1.011140]",3,FRS17EMB175613,FR*SOD*E*MB17*56*1*3*_,50000,false,false,true,false,false,false,true,false,true,"",Accès libre,false,24/7,Accessibilité inconnue,Aucune Restriction,false,Direct,N/A,2022-12-08,Conditions accès aux bornes dépendantes des accords et formules de votre EMSP,2023-04-03
MOBIVE - SDEER 17,251702197,f-a.de-ferrieres@sdeer17.fr,Izivia,sav@izivia.com,0972668001,MOBIVE - SDEER 17,FRS17PMB175612,FR*SOD*S*MB17*56*1*_*_,SAINT SULPICE DE ROYAN - ROUTE DE SAINT-PALAIS,Voirie,ROUTE DE SAINT-PALAIS,17200,"[45.672630,-1.011140]",3,FRS17EMB175612,FR*SOD*E*MB17*56*1*2*_,50000,false,false,false,true,false,false,true,false,true,"",Accès libre,false,24/7,Accessibilité inconnue,Aucune Restriction,false,Direct,N/A,2022-12-08,Conditions accès aux bornes dépendantes des accords et formules de votre EMSP,2023-04-03
MOBIVE - SDEER 17,251702197,f-a.de-ferrieres@sdeer17.fr,Izivia,sav@izivia.com,0972668001,MOBIVE - SDEER 17,FRS17PMB175611,FR*SOD*S*MB17*56*1*_*_,SAINT SULPICE DE ROYAN - ROUTE DE SAINT-PALAIS,Voirie,ROUTE DE SAINT-PALAIS,17200,"[45.672630,-1.011140]",3,FRS17EMB175611,FR*SOD*E*MB17*56*1*1*_,43000,false,true,false,false,false,false,true,false,true,"",Accès libre,false,24/7,Accessibilité inconnue,Aucune Restriction,false,Direct,N/A,2022-12-08,Conditions accès aux bornes dépendantes des accords et formules de votre EMSP,2023-04-03
MOBIVE - SDEER 17,251702197,f-a.de-ferrieres@sdeer17.fr,Izivia,sav@izivia.com,0972668001,MOBIVE - SDEER 17,FRS17PMB175811,FR*SOD*S*MB17*58*1*_*_,SAUJON - PARKING GARE SNCF,Voirie,RUE YVES DU MANOIR,17600,"[45.666839,-0.929732]",2,FRS17EMB175811,FR*SOD*E*MB17*58*1*1*_,22000,true,true,false,false,false,false,true,false,true,"",Accès libre,false,24/7,Accessibilité inconnue,Aucune Restriction,false,Direct,N/A,2022-06-27,Conditions accès aux bornes dépendantes des accords et formules de votre EMSP,2023-04-03
MOBIVE - SDEER 17,251702197,f-a.de-ferrieres@sdeer17.fr,Izivia,sav@izivia.com,0972668001,MOBIVE - SDEER 17,FRS17PMB175812,FR*SOD*S*MB17*58*1*_*_,SAUJON - PARKING GARE SNCF,Voirie,RUE YVES DU MANOIR,17600,"[45.666839,-0.929732]",2,FRS17EMB175812,FR*SOD*E*MB17*58*1*2*_,22000,true,true,false,false,false,false,true,false,true,"",Accès libre,false,24/7,Accessibilité inconnue,Aucune Restriction,false,Direct,N/A,2022-06-27,Conditions accès aux bornes dépendantes des accords et formules de votre EMSP,2023-04-03
MOBIVE - SDEER 17,251702197,f-a.de-ferrieres@sdeer17.fr,,sav@izivia.com,0972668001,MOBIVE - SDEER 17,FRS17PMB176011,FR*SOD*S*MB17*60*1*_*_,SAINT DENIS DOLERON - RUE MARC GUYONNET,Voirie,RUE MARC GUYONNET,17650,"[46.027521,-1.378539]",2,FRS17EMB176011,FR*SOD*E*MB17*60*1*1*_,50000,false,true,false,false,false,false,true,false,true,"",Accès libre,false,24/7,Accessibilité inconnue,Aucune Restriction,false,Direct,N/A,2023-02-13,Conditions accès aux bornes dépendantes des accords et formules de votre EMSP,2023-04-03
MOBIVE - SDEER 17,251702197,f-a.de-ferrieres@sdeer17.fr,,sav@izivia.com,0972668001,MOBIVE - SDEER 17,FRS17PMB176012,FR*SOD*S*MB17*60*1*_*_,SAINT DENIS DOLERON - RUE MARC GUYONNET,Voirie,RUE MARC GUYONNET,17650,"[46.027521,-1.378539]",2,FRS17EMB176012,FR*SOD*E*MB17*60*1*2*_,50000,false,false,true,false,false,false,true,false,true,"",Accès libre,false,24/7,Accessibilité inconnue,Aucune Restriction,false,Direct,N/A,2023-02-13,Conditions accès aux bornes dépendantes des accords et formules de votre EMSP,2023-04-03
